구분번호,발생년월,주야,시군구,사고내용,사망자수,중상자수,경상자수,부상신고자수,사고유형,법규위반,노면상태,기상상태,도로형태,가해운전자 차종,가해운전자 성별,가해운전자 연령대,가해운전자 상해정도,피해운전자 차종,피해운전자 성별,피해운전자 연령대,피해운전자 상해정도
2022081990,2022년 6월,주간,경상남도 양산시,중상사고,0,1,0,0,차대사람 - 횡단중,보행자보호의무위반,건조,맑음,교차로 - 교차로횡단보도내,자전거,여,51-60세,상해없음,보행자,남,12세 이하,중상
2022082555,2022년 6월,주간,경상남도 양산시,경상사고,0,0,1,0,차대차 - 충돌,안전운전불이행,건조,맑음,기타 - 기타,이륜,남,20세 이하,상해없음,이륜,남,21-30세,경상
2022082724,2022년 6월,야간,경상남도 양산시,경상사고,0,0,1,0,차대차 - 충돌,신호위반,건조,맑음,기타 - 기타,승용,여,51-60세,상해없음,승용,여,51-60세,경상
2022082725,2022년 6월,야간,경상남도 양산시,경상사고,0,0,1,0,차대차 - 충돌,안전운전불이행,건조,맑음,기타 - 기타,승용,남,21-30세,기타불명,승용,남,31-40세,경상
2022083505,2022년 6월,주간,경상남도 양산시,중상사고,0,1,0,1,차대차 - 충돌,교차로운행방법위반,젖음/습기,비,교차로 - 교차로안,승용,남,61-64세,부상신고,승용,남,31-40세,중상
2022083618,2022년 6월,주간,경상남도 양산시,경상사고,0,0,2,1,차대차 - 추돌,안전운전불이행,젖음/습기,비,단일로 - 기타,승용,여,61-64세,상해없음,화물,남,51-60세,경상
2022083771,2022년 6월,야간,경상남도 양산시,중상사고,0,1,0,0,차대사람 - 기타,안전운전불이행,젖음/습기,비,교차로 - 교차로안,화물,남,51-60세,상해없음,보행자,남,61-64세,중상
2022083826,2022년 6월,야간,경상남도 양산시,중상사고,0,1,0,0,차대차 - 기타,안전운전불이행,젖음/습기,비,단일로 - 기타,이륜,남,21-30세,상해없음,승용,남,31-40세,중상
2022083930,2022년 6월,주간,경상남도 양산시,부상신고사고,0,0,0,1,차량단독 - 충돌,안전운전불이행,젖음/습기,비,단일로 - 기타,승용,여,31-40세,부상신고,,,,
2022084409,2022년 6월,야간,경상남도 양산시,경상사고,0,0,2,0,차대차 - 추돌,안전운전불이행,건조,맑음,교차로 - 교차로부근,승용,여,21-30세,상해없음,승용,남,61-64세,상해없음
2022084438,2022년 6월,야간,경상남도 양산시,중상사고,0,1,0,0,차량단독 - 기타,기타,건조,맑음,단일로 - 기타,승합,남,61-64세,상해없음,,,,
2022085244,2022년 6월,주간,경상남도 양산시,부상신고사고,0,0,0,1,차대차 - 기타,교차로운행방법위반,건조,맑음,교차로 - 교차로안,자전거,여,21-30세,부상신고,승용,여,65세 이상,상해없음
2022085318,2022년 6월,주간,경상남도 양산시,경상사고,0,0,1,1,차대차 - 충돌,신호위반,건조,맑음,교차로 - 교차로안,승용,여,51-60세,상해없음,승합,남,31-40세,부상신고
2022085596,2022년 6월,야간,경상남도 양산시,중상사고,0,1,0,0,차대사람 - 횡단중,신호위반,건조,맑음,단일로 - 기타,승용,남,51-60세,상해없음,보행자,남,51-60세,중상
2022085730,2022년 6월,주간,경상남도 양산시,경상사고,0,0,1,0,차대차 - 충돌,교차로운행방법위반,건조,맑음,교차로 - 교차로안,승용,남,65세 이상,상해없음,화물,남,65세 이상,경상
2022085790,2022년 6월,주간,경상남도 양산시,중상사고,0,1,0,0,차대사람 - 차도통행중,안전운전불이행,건조,맑음,교차로 - 교차로부근,건설기계,남,41-50세,기타불명,보행자,남,65세 이상,중상
2022086048,2022년 6월,야간,경상남도 양산시,경상사고,0,0,1,0,차대차 - 추돌,안전운전불이행,건조,맑음,교차로 - 교차로안,승용,여,51-60세,상해없음,이륜,남,51-60세,경상
2022086081,2022년 6월,야간,경상남도 양산시,부상신고사고,0,0,0,1,차대차 - 충돌,안전운전불이행,건조,맑음,교차로 - 교차로안,기타불명,기타불명,기타불명,기타불명,자전거,남,13-20세,부상신고
2022086186,2022년 6월,야간,경상남도 양산시,경상사고,0,0,1,0,차대차 - 충돌,신호위반,건조,맑음,교차로 - 교차로안,승용,남,31-40세,상해없음,승용,남,51-60세,경상
2022086283,2022년 6월,주간,경상남도 양산시,경상사고,0,0,1,0,차대차 - 충돌,교차로운행방법위반,건조,맑음,교차로 - 교차로안,승용,남,65세 이상,상해없음,승용,남,51-60세,경상
2022086448,2022년 6월,주간,경상남도 양산시,경상사고,0,0,1,0,차대차 - 충돌,안전운전불이행,건조,맑음,단일로 - 기타,화물,남,61-64세,상해없음,자전거,남,12세 이하,경상
2022086466,2022년 6월,주간,경상남도 양산시,중상사고,0,1,4,0,차대차 - 기타,안전거리미확보,건조,맑음,단일로 - 기타,승용,여,20세 이하,상해없음,승용,남,31-40세,경상
2022086487,2022년 6월,야간,경상남도 양산시,부상신고사고,0,0,0,1,차대차 - 충돌,안전운전불이행,건조,맑음,단일로 - 기타,자전거,남,65세 이상,부상신고,이륜,남,51-60세,상해없음
2022086622,2022년 6월,야간,경상남도 양산시,중상사고,0,1,0,0,차량단독 - 충돌,안전운전불이행,건조,맑음,단일로 - 기타,이륜,남,31-40세,중상,,,,
2022086705,2022년 6월,주간,경상남도 양산시,경상사고,0,0,2,0,차대차 - 추돌,안전운전불이행,건조,맑음,단일로 - 기타,승용,여,41-50세,경상,승용,여,21-30세,기타불명
2022086785,2022년 6월,주간,경상남도 양산시,경상사고,0,0,1,0,차대차 - 기타,안전운전불이행,건조,맑음,교차로 - 교차로부근,특수,남,31-40세,상해없음,승용,남,51-60세,경상
2022087124,2022년 6월,야간,경상남도 양산시,부상신고사고,0,0,0,1,차대사람 - 길가장자리구역통행중,안전운전불이행,건조,맑음,단일로 - 기타,승용,여,21-30세,상해없음,보행자,여,51-60세,부상신고
2022087276,2022년 6월,주간,경상남도 양산시,경상사고,0,0,1,1,차대차 - 충돌,안전거리미확보,건조,맑음,단일로 - 기타,승용,여,41-50세,부상신고,승용,여,61-64세,경상
2022087397,2022년 6월,주간,경상남도 양산시,경상사고,0,0,1,0,차대차 - 충돌,안전운전불이행,건조,맑음,교차로 - 교차로안,화물,남,21-30세,상해없음,승용,여,51-60세,경상
2022087468,2022년 6월,주간,경상남도 양산시,경상사고,0,0,1,0,차대차 - 충돌,안전운전불이행,건조,맑음,단일로 - 기타,화물,남,61-64세,상해없음,승용,여,51-60세,경상
2022087542,2022년 6월,주간,경상남도 양산시,경상사고,0,0,1,0,차대사람 - 횡단중,안전운전불이행,건조,맑음,교차로 - 교차로안,승용,여,51-60세,상해없음,보행자,남,12세 이하,경상
2022087543,2022년 6월,주간,경상남도 양산시,사망사고,1,0,0,0,차대차 - 충돌,신호위반,건조,맑음,교차로 - 교차로안,이륜,남,65세 이상,사망,화물,남,61-64세,상해없음
2022087642,2022년 6월,야간,경상남도 양산시,중상사고,0,1,0,0,차대차 - 충돌,안전운전불이행,건조,맑음,단일로 - 기타,승용,남,21-30세,상해없음,자전거,남,61-64세,중상
2022087786,2022년 6월,야간,경상남도 양산시,경상사고,0,0,3,0,차대차 - 추돌,안전운전불이행,건조,맑음,단일로 - 기타,승용,여,51-60세,상해없음,승용,남,31-40세,경상
2022088114,2022년 6월,주간,경상남도 양산시,경상사고,0,0,1,0,차대차 - 충돌,안전운전불이행,건조,기타,미분류 - 미분류,승용,남,41-50세,기타불명,화물,남,31-40세,경상
2022088242,2022년 6월,야간,경상남도 양산시,경상사고,0,0,1,0,차대차 - 충돌,기타,건조,맑음,교차로 - 교차로안,승용,남,65세 이상,상해없음,이륜,남,21-30세,경상
2022088302,2022년 6월,야간,경상남도 양산시,경상사고,0,0,1,0,차대차 - 충돌,기타,건조,맑음,교차로 - 교차로안,이륜,남,31-40세,경상,승용,남,41-50세,상해없음
2022088554,2022년 6월,주간,경상남도 양산시,중상사고,0,1,0,0,차대차 - 기타,기타,건조,맑음,단일로 - 기타,승용,남,51-60세,상해없음,승용,여,31-40세,중상
2022088636,2022년 6월,주간,경상남도 양산시,경상사고,0,0,1,0,차대차 - 충돌,안전운전불이행,건조,맑음,교차로 - 교차로안,승용,여,31-40세,상해없음,승용,남,51-60세,경상
2022088763,2022년 6월,주간,경상남도 양산시,경상사고,0,0,1,0,차대차 - 추돌,안전운전불이행,건조,맑음,교차로 - 교차로부근,승용,여,51-60세,기타불명,승용,여,41-50세,경상
2022089043,2022년 6월,야간,경상남도 양산시,경상사고,0,0,1,0,차량단독 - 기타,안전운전불이행,건조,맑음,교차로 - 교차로안,승용,남,41-50세,상해없음,,,,
2022089375,2022년 6월,주간,경상남도 양산시,부상신고사고,0,0,0,1,차대차 - 충돌,안전운전불이행,건조,맑음,단일로 - 기타,승용,여,41-50세,상해없음,승용,여,41-50세,부상신고
2022089626,2022년 6월,야간,경상남도 양산시,부상신고사고,0,0,0,1,차대차 - 충돌,안전운전불이행,건조,맑음,단일로 - 기타,승용,남,41-50세,상해없음,화물,남,31-40세,부상신고
2022089656,2022년 6월,야간,경상남도 양산시,경상사고,0,0,1,0,차대차 - 충돌,교차로운행방법위반,건조,맑음,교차로 - 교차로안,승용,남,61-64세,상해없음,승용,남,21-30세,경상
2022089713,2022년 6월,주간,경상남도 양산시,경상사고,0,0,2,1,차대차 - 충돌,안전운전불이행,건조,맑음,단일로 - 기타,승용,여,41-50세,부상신고,승용,남,65세 이상,경상
2022090067,2022년 6월,주간,경상남도 양산시,사망사고,1,0,0,0,차대차 - 충돌,신호위반,건조,흐림,교차로 - 교차로안,승용,남,41-50세,기타불명,이륜,남,51-60세,사망
2022090305,2022년 6월,주간,경상남도 양산시,경상사고,0,0,2,0,차대차 - 충돌,안전운전불이행,젖음/습기,흐림,단일로 - 기타,승용,남,41-50세,상해없음,화물,남,65세 이상,경상
2022090699,2022년 6월,주간,경상남도 양산시,경상사고,0,0,1,0,차대차 - 추돌,안전거리미확보,젖음/습기,비,단일로 - 기타,화물,남,21-30세,상해없음,승용,남,51-60세,경상
2022090788,2022년 6월,주간,경상남도 양산시,경상사고,0,0,1,0,차대차 - 추돌,안전거리미확보,젖음/습기,흐림,단일로 - 기타,승용,남,65세 이상,상해없음,승용,남,61-64세,경상
2022090819,2022년 6월,주간,경상남도 양산시,경상사고,0,0,2,0,차대차 - 충돌,신호위반,건조,맑음,기타 - 기타,승용,남,65세 이상,상해없음,승용,남,65세 이상,경상
2022091142,2022년 6월,야간,경상남도 양산시,경상사고,0,0,1,0,차대차 - 추돌,안전운전불이행,건조,맑음,교차로 - 교차로부근,이륜,남,20세 이하,경상,승합,여,61-64세,상해없음
2022091209,2022년 6월,야간,경상남도 양산시,경상사고,0,0,3,0,차대차 - 추돌,안전운전불이행,젖음/습기,흐림,교차로 - 교차로안,승용,여,41-50세,경상,승용,여,65세 이상,경상
2022091235,2022년 6월,주간,경상남도 양산시,부상신고사고,0,0,0,1,차대차 - 기타,안전운전불이행,건조,맑음,단일로 - 기타,화물,남,31-40세,상해없음,승용,남,41-50세,부상신고
2022091270,2022년 6월,주간,경상남도 양산시,경상사고,0,0,1,0,차대차 - 기타,안전운전불이행,젖음/습기,비,교차로 - 교차로안,승용,여,21-30세,상해없음,승용,기타불명,기타불명,기타불명
2022091865,2022년 6월,주간,경상남도 양산시,경상사고,0,0,1,0,차대차 - 충돌,신호위반,젖음/습기,비,교차로 - 교차로안,화물,남,21-30세,상해없음,승용,여,51-60세,경상
2022092155,2022년 6월,야간,경상남도 양산시,중상사고,0,1,0,0,차대차 - 기타,안전운전불이행,젖음/습기,비,교차로 - 교차로안,승용,여,41-50세,상해없음,이륜,남,41-50세,중상
2022092223,2022년 6월,야간,경상남도 양산시,경상사고,0,0,1,0,차대차 - 충돌,교차로운행방법위반,젖음/습기,비,교차로 - 교차로안,승용,여,41-50세,상해없음,승용,남,21-30세,경상
2022092436,2022년 6월,주간,경상남도 양산시,경상사고,0,0,1,0,차대차 - 충돌,교차로운행방법위반,건조,맑음,단일로 - 기타,승용,여,51-60세,상해없음,승용,남,21-30세,경상
2022092693,2022년 6월,주간,경상남도 양산시,경상사고,0,0,1,0,차대차 - 충돌,신호위반,건조,맑음,교차로 - 교차로안,승용,남,65세 이상,상해없음,승용,여,51-60세,경상
2022092735,2022년 6월,야간,경상남도 양산시,부상신고사고,0,0,0,1,차대차 - 충돌,신호위반,건조,맑음,교차로 - 교차로안,이륜,남,20세 이하,부상신고,승용,여,41-50세,상해없음
2022092766,2022년 6월,야간,경상남도 양산시,부상신고사고,0,0,0,1,차량단독 - 충돌,안전운전불이행,건조,맑음,단일로 - 기타,승용,남,65세 이상,부상신고,,,,
2022092767,2022년 6월,야간,경상남도 양산시,경상사고,0,0,1,0,차대차 - 기타,안전운전불이행,건조,맑음,주차장 - 주차장,화물,남,21-30세,기타불명,승용,여,51-60세,경상
2022092889,2022년 6월,야간,경상남도 양산시,경상사고,0,0,2,0,차대차 - 추돌,안전운전불이행,건조,맑음,단일로 - 기타,승용,남,41-50세,기타불명,승용,남,21-30세,경상
2022093003,2022년 7월,주간,경상남도 양산시,경상사고,0,0,2,0,차대차 - 기타,중앙선침범,건조,맑음,단일로 - 기타,승용,남,31-40세,상해없음,승용,남,21-30세,경상
2022093077,2022년 7월,주간,경상남도 양산시,경상사고,0,0,1,0,차대차 - 기타,안전운전불이행,건조,맑음,교차로 - 교차로안,화물,남,65세 이상,상해없음,특수,남,51-60세,상해없음
2022093167,2022년 7월,주간,경상남도 양산시,경상사고,0,0,1,0,차대차 - 기타,안전운전불이행,건조,맑음,교차로 - 교차로안,승용,남,21-30세,상해없음,승합,남,31-40세,상해없음
2022093240,2022년 7월,주간,경상남도 양산시,중상사고,0,1,0,0,차량단독 - 기타,안전운전불이행,건조,맑음,단일로 - 기타,승합,남,61-64세,상해없음,,,,
2022093749,2022년 7월,주간,경상남도 양산시,경상사고,0,0,1,0,차대차 - 충돌,신호위반,건조,맑음,기타 - 기타,승용,여,21-30세,상해없음,자전거,남,13-20세,경상
2022093958,2022년 7월,주간,경상남도 양산시,부상신고사고,0,0,0,1,차대차 - 기타,안전운전불이행,건조,맑음,단일로 - 기타,승용,여,51-60세,상해없음,승용,남,65세 이상,상해없음
2022093995,2022년 7월,주간,경상남도 양산시,사망사고,1,0,0,0,차대사람 - 횡단중,보행자보호의무위반,건조,맑음,교차로 - 교차로횡단보도내,승용,남,41-50세,상해없음,보행자,여,65세 이상,사망
2022094087,2022년 7월,야간,경상남도 양산시,사망사고,1,0,1,0,차대사람 - 횡단중,안전운전불이행,건조,맑음,단일로 - 기타,이륜,남,20세 이하,경상,보행자,여,31-40세,사망
2022094174,2022년 7월,야간,경상남도 양산시,경상사고,0,0,1,0,차대차 - 충돌,안전운전불이행,건조,맑음,기타 - 기타,승용,남,31-40세,상해없음,승용,남,41-50세,경상
2022094321,2022년 7월,주간,경상남도 양산시,경상사고,0,0,1,0,차대차 - 기타,교차로운행방법위반,건조,맑음,교차로 - 교차로안,승용,남,21-30세,기타불명,승용,남,65세 이상,경상
2022094322,2022년 7월,주간,경상남도 양산시,경상사고,0,0,2,0,차대차 - 기타,안전운전불이행,건조,맑음,단일로 - 기타,승용,남,65세 이상,상해없음,승용,여,21-30세,경상
2022094438,2022년 7월,주간,경상남도 양산시,경상사고,0,0,1,0,차대차 - 충돌,안전운전불이행,건조,맑음,교차로 - 교차로횡단보도내,승용,남,51-60세,상해없음,자전거,남,13-20세,경상
2022094547,2022년 7월,야간,경상남도 양산시,경상사고,0,0,3,0,차대차 - 충돌,신호위반,건조,맑음,교차로 - 교차로안,승용,여,21-30세,상해없음,승용,남,51-60세,경상
2022094607,2022년 7월,야간,경상남도 양산시,중상사고,0,1,0,0,차대차 - 추돌,안전운전불이행,건조,맑음,단일로 - 기타,화물,남,65세 이상,상해없음,승용,여,51-60세,중상
2022094779,2022년 7월,주간,경상남도 양산시,중상사고,0,1,1,0,차대차 - 충돌,신호위반,건조,맑음,교차로 - 교차로안,승용,여,41-50세,상해없음,승합,남,41-50세,경상
2022095026,2022년 7월,주간,경상남도 양산시,부상신고사고,0,0,0,1,차대차 - 충돌,안전운전불이행,건조,맑음,단일로 - 기타,승용,남,31-40세,상해없음,승용,여,21-30세,부상신고
2022095201,2022년 7월,야간,경상남도 양산시,경상사고,0,0,1,0,차대차 - 충돌,중앙선침범,건조,맑음,단일로 - 기타,승용,남,51-60세,상해없음,이륜,남,31-40세,경상
2022095463,2022년 7월,주간,경상남도 양산시,경상사고,0,0,1,0,차대차 - 충돌,교차로운행방법위반,건조,맑음,교차로 - 교차로부근,승용,여,51-60세,상해없음,승용,여,31-40세,경상
2022095578,2022년 7월,주간,경상남도 양산시,경상사고,0,0,1,0,차대사람 - 횡단중,안전운전불이행,건조,맑음,단일로 - 기타,승용,남,51-60세,상해없음,보행자,남,31-40세,경상
2022095755,2022년 7월,야간,경상남도 양산시,중상사고,0,1,0,0,차대차 - 추돌,안전운전불이행,건조,맑음,단일로 - 기타,화물,남,41-50세,상해없음,승용,여,41-50세,중상
2022095836,2022년 7월,주간,경상남도 양산시,경상사고,0,0,3,1,차대차 - 추돌,안전운전불이행,건조,맑음,교차로 - 교차로부근,승용,여,51-60세,부상신고,승용,남,31-40세,경상
2022095925,2022년 7월,주간,경상남도 양산시,중상사고,0,1,1,0,차대차 - 추돌,안전운전불이행,건조,맑음,단일로 - 기타,승용,남,21-30세,상해없음,승용,여,21-30세,경상
2022096210,2022년 7월,야간,경상남도 양산시,부상신고사고,0,0,0,1,차대사람 - 횡단중,안전운전불이행,건조,맑음,교차로 - 교차로부근,승용,여,21-30세,기타불명,보행자,남,51-60세,부상신고
2022096383,2022년 7월,주간,경상남도 양산시,경상사고,0,0,1,0,차대차 - 충돌,안전운전불이행,건조,맑음,교차로 - 교차로부근,화물,남,41-50세,기타불명,승용,남,31-40세,경상
2022096470,2022년 7월,주간,경상남도 양산시,사망사고,1,0,0,0,차대사람 - 횡단중,보행자보호의무위반,건조,맑음,교차로 - 교차로안,화물,남,65세 이상,상해없음,보행자,남,65세 이상,사망
2022096471,2022년 7월,주간,경상남도 양산시,경상사고,0,0,1,0,차대차 - 충돌,안전운전불이행,건조,맑음,단일로 - 기타,승용,여,31-40세,상해없음,승용,여,51-60세,경상
2022097148,2022년 7월,주간,경상남도 양산시,경상사고,0,0,1,0,차대차 - 충돌,안전운전불이행,건조,맑음,교차로 - 교차로안,승용,여,51-60세,상해없음,승용,남,31-40세,경상
2022097560,2022년 7월,야간,경상남도 양산시,부상신고사고,0,0,0,1,차대사람 - 기타,안전운전불이행,건조,맑음,단일로 - 기타,승용,여,21-30세,기타불명,보행자,남,31-40세,부상신고
2022097623,2022년 7월,주간,경상남도 양산시,중상사고,0,1,0,0,차대차 - 충돌,안전운전불이행,건조,맑음,교차로 - 교차로안,승용,여,61-64세,상해없음,자전거,남,12세 이하,중상
2022097624,2022년 7월,주간,경상남도 양산시,경상사고,0,0,1,0,차대차 - 충돌,안전운전불이행,건조,맑음,단일로 - 기타,자전거,남,41-50세,상해없음,자전거,여,51-60세,경상
2022097841,2022년 7월,주간,경상남도 양산시,중상사고,0,3,0,0,차대차 - 기타,안전거리미확보,건조,맑음,단일로 - 기타,승용,여,65세 이상,상해없음,승용,여,41-50세,중상
2022098027,2022년 7월,야간,경상남도 양산시,경상사고,0,0,1,0,차량단독 - 기타,안전운전불이행,건조,맑음,단일로 - 기타,승용,남,65세 이상,상해없음,,,,
2022098059,2022년 7월,야간,경상남도 양산시,경상사고,0,0,1,0,차대사람 - 횡단중,안전운전불이행,건조,맑음,교차로 - 교차로안,승용,남,20세 이하,상해없음,보행자,남,51-60세,경상
2022098118,2022년 7월,야간,경상남도 양산시,중상사고,0,1,0,0,차대차 - 충돌,안전운전불이행,건조,맑음,교차로 - 교차로안,승용,남,61-64세,상해없음,원동기,남,41-50세,중상
2022098417,2022년 7월,야간,경상남도 양산시,부상신고사고,0,0,0,1,차대차 - 충돌,안전운전불이행,건조,맑음,교차로 - 교차로안,화물,남,51-60세,상해없음,이륜,남,41-50세,부상신고
2022098465,2022년 7월,야간,경상남도 양산시,경상사고,0,0,1,0,차대차 - 기타,안전운전불이행,건조,맑음,주차장 - 주차장,승용,남,61-64세,상해없음,이륜,남,31-40세,경상
2022098633,2022년 7월,주간,경상남도 양산시,경상사고,0,0,1,0,차대차 - 추돌,안전운전불이행,젖음/습기,흐림,교차로 - 교차로부근,화물,남,31-40세,상해없음,승용,여,41-50세,경상
2022098647,2022년 7월,주간,경상남도 양산시,경상사고,0,0,1,0,차대차 - 추돌,안전운전불이행,젖음/습기,비,단일로 - 기타,승용,여,21-30세,상해없음,승용,여,61-64세,경상
2022098781,2022년 7월,주간,경상남도 양산시,부상신고사고,0,0,0,1,차대차 - 충돌,안전운전불이행,젖음/습기,흐림,단일로 - 기타,승용,여,51-60세,부상신고,화물,남,41-50세,상해없음
2022098883,2022년 7월,주간,경상남도 양산시,경상사고,0,0,1,0,차대차 - 충돌,안전거리미확보,건조,맑음,교차로 - 교차로안,화물,남,51-60세,상해없음,승용,남,31-40세,경상
2022100143,2022년 7월,야간,경상남도 양산시,중상사고,0,1,0,0,차대사람 - 횡단중,안전운전불이행,건조,맑음,단일로 - 기타,승용,남,31-40세,상해없음,보행자,남,51-60세,중상
2022100152,2022년 7월,야간,경상남도 양산시,중상사고,0,1,0,0,차대차 - 기타,교차로운행방법위반,건조,맑음,교차로 - 교차로안,승용,남,31-40세,상해없음,원동기,남,21-30세,중상
2022100231,2022년 7월,주간,경상남도 양산시,경상사고,0,0,2,1,차대차 - 추돌,안전운전불이행,건조,맑음,단일로 - 기타,승용,여,21-30세,부상신고,승용,남,31-40세,상해없음
2022100421,2022년 7월,주간,경상남도 양산시,중상사고,0,1,0,0,차대사람 - 횡단중,보행자보호의무위반,건조,맑음,단일로 - 기타,승용,남,65세 이상,상해없음,보행자,여,13-20세,중상
2022100422,2022년 7월,주간,경상남도 양산시,경상사고,0,0,2,0,차대차 - 충돌,안전운전불이행,건조,맑음,단일로 - 기타,화물,남,61-64세,상해없음,승용,남,41-50세,경상
2022100456,2022년 7월,주간,경상남도 양산시,경상사고,0,0,1,0,차대사람 - 기타,안전운전불이행,건조,맑음,교차로 - 교차로안,승용,남,65세 이상,상해없음,보행자,여,65세 이상,경상
2022100764,2022년 7월,야간,경상남도 양산시,중상사고,0,1,0,0,차량단독 - 충돌,안전운전불이행,건조,맑음,단일로 - 기타,승용,여,51-60세,상해없음,,,,
2022101052,2022년 7월,주간,경상남도 양산시,경상사고,0,0,1,0,차대차 - 충돌,중앙선침범,건조,맑음,단일로 - 지하차도(도로)내,화물,남,65세 이상,상해없음,화물,남,41-50세,상해없음
2022101145,2022년 7월,주간,경상남도 양산시,경상사고,0,0,2,0,차대차 - 기타,중앙선침범,건조,맑음,교차로 - 교차로부근,승용,여,31-40세,상해없음,화물,남,41-50세,경상
2022101316,2022년 7월,야간,경상남도 양산시,중상사고,0,1,2,0,차대차 - 충돌,안전거리미확보,건조,맑음,단일로 - 기타,승용,여,31-40세,상해없음,승용,남,41-50세,경상
2022101408,2022년 7월,야간,경상남도 양산시,경상사고,0,0,1,0,차대차 - 충돌,교차로운행방법위반,건조,맑음,교차로 - 교차로안,화물,남,31-40세,상해없음,승용,남,41-50세,상해없음
2022101579,2022년 7월,주간,경상남도 양산시,경상사고,0,0,1,0,차대차 - 충돌,중앙선침범,건조,맑음,단일로 - 기타,승용,남,31-40세,상해없음,이륜,남,21-30세,경상
2022101580,2022년 7월,주간,경상남도 양산시,부상신고사고,0,0,0,1,차량단독 - 기타,기타,건조,맑음,단일로 - 기타,승합,남,51-60세,상해없음,,,,
2022101813,2022년 7월,야간,경상남도 양산시,부상신고사고,0,0,0,1,차대차 - 추돌,안전운전불이행,건조,맑음,교차로 - 교차로부근,승용,남,41-50세,상해없음,승용,남,51-60세,부상신고
2022102166,2022년 7월,주간,경상남도 양산시,경상사고,0,0,1,0,차대차 - 충돌,안전운전불이행,건조,맑음,교차로 - 교차로안,승용,남,21-30세,상해없음,승용,남,31-40세,경상
2022102539,2022년 7월,주간,경상남도 양산시,중상사고,0,2,0,0,차대차 - 충돌,중앙선침범,젖음/습기,비,단일로 - 기타,승용,여,51-60세,상해없음,화물,남,65세 이상,중상
2022102774,2022년 7월,야간,경상남도 양산시,중상사고,0,1,0,0,차대차 - 충돌,안전운전불이행,젖음/습기,비,교차로 - 교차로안,승용,남,21-30세,상해없음,이륜,남,41-50세,중상
2022103010,2022년 7월,주간,경상남도 양산시,경상사고,0,0,1,0,차대차 - 충돌,중앙선침범,건조,맑음,단일로 - 기타,승용,여,41-50세,상해없음,승용,여,31-40세,경상
2022103035,2022년 7월,주간,경상남도 양산시,중상사고,0,1,0,0,차대사람 - 기타,안전운전불이행,건조,맑음,교차로 - 교차로안,화물,남,65세 이상,상해없음,보행자,여,65세 이상,중상
2022103240,2022년 7월,주간,경상남도 양산시,경상사고,0,0,1,0,차대차 - 추돌,안전운전불이행,건조,맑음,단일로 - 기타,이륜,남,20세 이하,상해없음,화물,남,41-50세,경상
2022103282,2022년 7월,주간,경상남도 양산시,경상사고,0,0,1,0,차대차 - 충돌,안전운전불이행,건조,맑음,단일로 - 기타,승용,여,51-60세,상해없음,승용,남,51-60세,경상
2022103412,2022년 7월,야간,경상남도 양산시,경상사고,0,0,4,0,차대차 - 충돌,안전거리미확보,건조,맑음,단일로 - 기타,승용,남,65세 이상,상해없음,승용,남,21-30세,경상
2022103434,2022년 7월,야간,경상남도 양산시,경상사고,0,0,2,0,차대사람 - 기타,보행자보호의무위반,건조,맑음,교차로 - 교차로횡단보도내,승용,남,31-40세,상해없음,보행자,남,31-40세,경상
2022103575,2022년 7월,주간,경상남도 양산시,경상사고,0,0,2,0,차대차 - 추돌,안전운전불이행,건조,맑음,교차로 - 교차로안,승용,여,41-50세,상해없음,승용,여,41-50세,경상
2022104249,2022년 7월,주간,경상남도 양산시,경상사고,0,0,1,0,차대차 - 충돌,신호위반,건조,맑음,교차로 - 교차로안,승용,여,61-64세,상해없음,화물,남,31-40세,경상
2022104304,2022년 7월,주간,경상남도 양산시,경상사고,0,0,1,0,차대차 - 충돌,중앙선침범,건조,맑음,단일로 - 기타,이륜,남,41-50세,상해없음,승용,남,31-40세,경상
2022104859,2022년 7월,주간,경상남도 양산시,경상사고,0,0,1,0,차대차 - 충돌,안전운전불이행,건조,맑음,기타 - 기타,승용,남,41-50세,상해없음,승용,남,51-60세,경상
2022105708,2022년 7월,야간,경상남도 양산시,중상사고,0,1,0,0,차대사람 - 횡단중,안전운전불이행,건조,맑음,단일로 - 기타,승용,여,31-40세,상해없음,보행자,남,51-60세,중상
2022105773,2022년 7월,주간,경상남도 양산시,사망사고,1,1,0,1,차대차 - 기타,안전운전불이행,젖음/습기,비,단일로 - 기타,승용,남,31-40세,부상신고,승용,남,41-50세,사망
2022105786,2022년 7월,주간,경상남도 양산시,경상사고,0,0,1,0,차대차 - 추돌,안전거리미확보,건조,맑음,단일로 - 기타,승용,남,51-60세,상해없음,승용,남,41-50세,경상
2022105867,2022년 7월,주간,경상남도 양산시,경상사고,0,0,1,0,차대차 - 충돌,안전운전불이행,건조,맑음,단일로 - 기타,승용,남,21-30세,상해없음,자전거,남,12세 이하,경상