구분번호,발생년월,주야,시군구,사고내용,사망자수,중상자수,경상자수,부상신고자수,사고유형,법규위반,노면상태,기상상태,도로형태,가해운전자 차종,가해운전자 성별,가해운전자 연령대,가해운전자 상해정도,피해운전자 차종,피해운전자 성별,피해운전자 연령대,피해운전자 상해정도
2022192229,2022년 12월,주간,경상남도 양산시,경상사고,0,0,2,0,차대사람 - 횡단중,보행자보호의무위반,건조,맑음,교차로 - 교차로부근,승용,남,21-30세,상해없음,보행자,남,13-20세,경상
2022192329,2022년 12월,야간,경상남도 양산시,부상신고사고,0,0,0,1,차대사람 - 기타,안전운전불이행,건조,맑음,단일로 - 기타,승용,남,65세 이상,상해없음,보행자,여,51-60세,부상신고
2022192788,2022년 12월,주간,경상남도 양산시,경상사고,0,0,1,0,차대사람 - 횡단중,보행자보호의무위반,건조,맑음,교차로 - 교차로안,승용,남,61-64세,상해없음,보행자,남,65세 이상,경상
2022193115,2022년 12월,주간,경상남도 양산시,경상사고,0,0,3,0,차대차 - 추돌,안전운전불이행,건조,맑음,단일로 - 고가도로위,승용,남,51-60세,상해없음,승용,여,65세 이상,경상
2022193247,2022년 12월,야간,경상남도 양산시,경상사고,0,0,1,0,차대차 - 충돌,안전운전불이행,건조,맑음,교차로 - 교차로안,승용,남,21-30세,상해없음,승용,남,51-60세,경상
2022193312,2022년 12월,야간,경상남도 양산시,부상신고사고,0,0,0,1,차대차 - 충돌,중앙선침범,건조,맑음,단일로 - 기타,승용,여,61-64세,상해없음,승용,남,21-30세,부상신고
2022193556,2022년 12월,주간,경상남도 양산시,경상사고,0,0,2,0,차대차 - 충돌,안전운전불이행,건조,맑음,단일로 - 기타,화물,남,61-64세,상해없음,화물,남,31-40세,경상
2022193632,2022년 12월,주간,경상남도 양산시,경상사고,0,0,1,0,차대차 - 충돌,안전운전불이행,건조,맑음,단일로 - 기타,건설기계,남,61-64세,상해없음,승용,남,51-60세,경상
2022193796,2022년 12월,야간,경상남도 양산시,경상사고,0,0,1,0,차대차 - 추돌,안전운전불이행,건조,맑음,교차로 - 교차로부근,화물,남,61-64세,상해없음,승용,여,51-60세,경상
2022193797,2022년 12월,야간,경상남도 양산시,경상사고,0,0,1,0,차대차 - 충돌,기타,건조,맑음,교차로 - 교차로안,승용,여,65세 이상,상해없음,승용,남,41-50세,경상
2022194051,2022년 12월,주간,경상남도 양산시,경상사고,0,0,1,0,차대차 - 충돌,안전거리미확보,건조,맑음,단일로 - 기타,화물,남,65세 이상,상해없음,승용,여,51-60세,경상
2022194158,2022년 12월,주간,경상남도 양산시,경상사고,0,0,3,0,차대차 - 충돌,신호위반,건조,맑음,교차로 - 교차로안,승용,남,65세 이상,상해없음,승용,남,31-40세,경상
2022194248,2022년 12월,주간,경상남도 양산시,경상사고,0,0,1,0,차대차 - 기타,신호위반,건조,맑음,교차로 - 교차로안,승용,여,51-60세,기타불명,승용,남,31-40세,경상
2022194340,2022년 12월,야간,경상남도 양산시,경상사고,0,0,2,0,차대차 - 추돌,안전운전불이행,건조,맑음,단일로 - 기타,화물,남,61-64세,상해없음,승용,남,21-30세,경상
2022194651,2022년 12월,주간,경상남도 양산시,경상사고,0,0,1,0,차대차 - 충돌,안전거리미확보,건조,맑음,단일로 - 기타,승용,남,61-64세,상해없음,승용,남,41-50세,경상
2022194726,2022년 12월,주간,경상남도 양산시,경상사고,0,0,1,0,차대차 - 추돌,안전운전불이행,건조,맑음,단일로 - 기타,건설기계,남,51-60세,상해없음,승용,여,41-50세,경상
2022194801,2022년 12월,주간,경상남도 양산시,경상사고,0,0,1,0,차대사람 - 횡단중,보행자보호의무위반,건조,맑음,단일로 - 기타,자전거,남,20세 이하,상해없음,보행자,남,12세 이하,경상
2022194832,2022년 12월,주간,경상남도 양산시,중상사고,0,1,0,0,차대차 - 충돌,신호위반,건조,맑음,교차로 - 교차로안,승용,여,41-50세,상해없음,승용,여,41-50세,중상
2022195487,2022년 12월,야간,경상남도 양산시,경상사고,0,0,1,0,차대사람 - 횡단중,보행자보호의무위반,건조,맑음,기타 - 기타,승용,남,41-50세,상해없음,보행자,남,51-60세,경상
2022195562,2022년 12월,야간,경상남도 양산시,경상사고,0,0,1,0,차대차 - 충돌,기타,건조,맑음,교차로 - 교차로안,승용,남,51-60세,상해없음,승용,남,41-50세,경상
2022195818,2022년 12월,주간,경상남도 양산시,중상사고,0,1,0,0,차대사람 - 차도통행중,안전운전불이행,건조,맑음,교차로 - 교차로안,특수,남,41-50세,상해없음,보행자,여,65세 이상,중상
2022195977,2022년 12월,주간,경상남도 양산시,중상사고,0,1,0,0,차대차 - 기타,교차로운행방법위반,건조,맑음,교차로 - 교차로안,승용,여,31-40세,상해없음,이륜,남,21-30세,중상
2022195978,2022년 12월,주간,경상남도 양산시,중상사고,0,1,0,0,차대차 - 충돌,안전운전불이행,건조,맑음,교차로 - 교차로안,건설기계,남,51-60세,상해없음,승용,남,65세 이상,중상
2022196022,2022년 12월,주간,경상남도 양산시,경상사고,0,0,1,0,차대차 - 추돌,안전운전불이행,건조,맑음,단일로 - 기타,승용,남,51-60세,상해없음,건설기계,남,51-60세,상해없음
2022196286,2022년 12월,야간,경상남도 양산시,경상사고,0,0,1,0,차대차 - 충돌,교차로운행방법위반,건조,맑음,교차로 - 교차로안,승용,남,41-50세,상해없음,승용,남,51-60세,경상
2022196342,2022년 12월,야간,경상남도 양산시,경상사고,0,0,1,0,차대사람 - 기타,안전운전불이행,건조,맑음,단일로 - 기타,승용,남,31-40세,상해없음,보행자,남,13-20세,상해없음
2022196744,2022년 12월,야간,경상남도 양산시,중상사고,0,1,0,0,차대사람 - 차도통행중,안전운전불이행,건조,맑음,단일로 - 기타,승용,남,51-60세,상해없음,보행자,남,65세 이상,중상
2023000255,2023년 1월,야간,경상남도 양산시,경상사고,0,0,1,0,차대차 - 추돌,안전운전불이행,건조,맑음,단일로 - 기타,승용,남,61-64세,상해없음,승용,여,51-60세,경상
2023000446,2023년 1월,주간,경상남도 양산시,사망사고,1,0,0,0,차대사람 - 횡단중,보행자보호의무위반,건조,맑음,교차로 - 교차로부근,건설기계,남,51-60세,상해없음,보행자,여,65세 이상,사망
2023000651,2023년 1월,주간,경상남도 양산시,경상사고,0,0,1,0,차대차 - 추돌,안전운전불이행,건조,맑음,단일로 - 기타,화물,남,51-60세,상해없음,승용,남,41-50세,경상
2023000689,2023년 1월,야간,경상남도 양산시,경상사고,0,0,1,0,차대사람 - 차도통행중,안전운전불이행,건조,맑음,단일로 - 기타,승용,남,41-50세,상해없음,보행자,여,61-64세,경상
2023000789,2023년 1월,야간,경상남도 양산시,중상사고,0,1,0,0,차대차 - 충돌,안전운전불이행,건조,맑음,단일로 - 기타,개인형이동수단(PM),남,20세 이하,중상,승용,남,51-60세,상해없음
2023000837,2023년 1월,주간,경상남도 양산시,경상사고,0,0,1,0,차대차 - 충돌,안전운전불이행,건조,맑음,교차로 - 교차로안,화물,남,41-50세,상해없음,자전거,남,51-60세,경상
2023000895,2023년 1월,주간,경상남도 양산시,부상신고사고,0,0,0,1,차대차 - 충돌,안전운전불이행,건조,맑음,단일로 - 기타,승용,남,65세 이상,상해없음,원동기,남,31-40세,부상신고
2023001208,2023년 1월,야간,경상남도 양산시,경상사고,0,0,1,0,차대차 - 추돌,안전운전불이행,건조,맑음,교차로 - 교차로안,이륜,남,31-40세,기타불명,승용,여,41-50세,경상
2023001268,2023년 1월,야간,경상남도 양산시,경상사고,0,0,1,0,차대사람 - 횡단중,안전운전불이행,건조,맑음,교차로 - 교차로안,승용,남,41-50세,상해없음,보행자,남,41-50세,경상
2023001448,2023년 1월,주간,경상남도 양산시,경상사고,0,0,2,0,차대차 - 추돌,안전운전불이행,건조,맑음,교차로 - 교차로안,승용,여,41-50세,상해없음,승용,여,51-60세,경상
2023001588,2023년 1월,주간,경상남도 양산시,경상사고,0,0,1,0,차대차 - 추돌,안전운전불이행,건조,맑음,교차로 - 교차로안,화물,남,51-60세,상해없음,화물,남,41-50세,경상
2023001633,2023년 1월,주간,경상남도 양산시,중상사고,0,1,0,0,차대사람 - 횡단중,보행자보호의무위반,건조,맑음,교차로 - 교차로안,승합,남,51-60세,상해없음,보행자,여,51-60세,중상
2023001694,2023년 1월,야간,경상남도 양산시,경상사고,0,0,1,0,차대차 - 추돌,안전운전불이행,건조,맑음,단일로 - 기타,승용,남,31-40세,상해없음,이륜,남,21-30세,경상
2023001741,2023년 1월,야간,경상남도 양산시,경상사고,0,0,1,0,차대차 - 충돌,안전운전불이행,건조,맑음,교차로 - 교차로안,승용,여,41-50세,상해없음,승용,남,21-30세,경상
2023001955,2023년 1월,주간,경상남도 양산시,경상사고,0,0,1,0,차대차 - 충돌,신호위반,건조,맑음,교차로 - 교차로안,승합,남,65세 이상,상해없음,승합,남,65세 이상,경상
2023002402,2023년 1월,야간,경상남도 양산시,경상사고,0,0,1,2,차대차 - 충돌,안전거리미확보,건조,맑음,단일로 - 기타,승용,남,51-60세,상해없음,승용,남,31-40세,경상
2023002605,2023년 1월,주간,경상남도 양산시,사망사고,1,0,0,0,차대차 - 충돌,신호위반,건조,맑음,교차로 - 교차로안,이륜,남,65세 이상,사망,화물,남,41-50세,상해없음
2023003012,2023년 1월,야간,경상남도 양산시,중상사고,0,1,0,0,차대차 - 충돌,안전운전불이행,건조,맑음,교차로 - 교차로안,승용,남,20세 이하,상해없음,이륜,남,31-40세,중상
2023003034,2023년 1월,야간,경상남도 양산시,중상사고,0,1,0,0,차대사람 - 횡단중,안전운전불이행,건조,맑음,단일로 - 기타,승용,남,41-50세,상해없음,보행자,여,41-50세,중상
2023003173,2023년 1월,주간,경상남도 양산시,중상사고,0,2,0,0,차대차 - 충돌,안전거리미확보,건조,맑음,단일로 - 기타,자전거,여,65세 이상,중상,이륜,남,51-60세,중상
2023003561,2023년 1월,주간,경상남도 양산시,중상사고,0,1,0,0,차대차 - 기타,안전거리미확보,건조,맑음,단일로 - 기타,승용,남,21-30세,상해없음,승용,여,31-40세,상해없음
2023003617,2023년 1월,주간,경상남도 양산시,중상사고,0,2,0,0,차대차 - 기타,안전운전불이행,건조,맑음,교차로 - 교차로안,이륜,남,20세 이하,상해없음,승용,여,51-60세,상해없음
2023004083,2023년 1월,야간,경상남도 양산시,중상사고,0,1,0,0,차대차 - 추돌,안전운전불이행,건조,맑음,교차로 - 교차로부근,승용,남,51-60세,기타불명,화물,남,51-60세,중상
2023004084,2023년 1월,야간,경상남도 양산시,경상사고,0,0,1,0,차대차 - 충돌,안전운전불이행,건조,맑음,단일로 - 기타,승용,남,61-64세,상해없음,이륜,남,51-60세,경상
2023004085,2023년 1월,야간,경상남도 양산시,부상신고사고,0,0,0,2,차대차 - 충돌,안전운전불이행,건조,맑음,교차로 - 교차로안,승용,여,21-30세,상해없음,승용,여,51-60세,부상신고
2023004956,2023년 1월,주간,경상남도 양산시,경상사고,0,0,3,0,차대차 - 충돌,신호위반,건조,맑음,교차로 - 교차로안,이륜,남,51-60세,경상,승용,여,41-50세,경상
2023004957,2023년 1월,주간,경상남도 양산시,경상사고,0,0,1,0,차대차 - 충돌,안전운전불이행,건조,맑음,교차로 - 교차로안,승용,여,61-64세,상해없음,이륜,남,31-40세,경상
2023005023,2023년 1월,주간,경상남도 양산시,중상사고,0,2,1,0,차대차 - 추돌,안전거리미확보,건조,맑음,단일로 - 기타,승용,남,31-40세,경상,승용,남,65세 이상,상해없음
2023005371,2023년 1월,주간,경상남도 양산시,경상사고,0,0,1,0,차대차 - 충돌,신호위반,건조,맑음,교차로 - 교차로안,승용,여,41-50세,상해없음,승용,남,31-40세,경상
2023005433,2023년 1월,주간,경상남도 양산시,부상신고사고,0,0,0,1,차대차 - 추돌,안전거리미확보,건조,맑음,교차로 - 교차로안,승용,남,65세 이상,상해없음,승용,여,31-40세,부상신고
2023005579,2023년 1월,주간,경상남도 양산시,경상사고,0,0,1,0,차대차 - 충돌,안전운전불이행,건조,맑음,교차로 - 교차로부근,화물,남,61-64세,상해없음,승용,남,31-40세,경상
2023005753,2023년 1월,야간,경상남도 양산시,경상사고,0,0,1,0,차대사람 - 차도통행중,안전운전불이행,건조,맑음,단일로 - 기타,승용,여,31-40세,상해없음,보행자,남,65세 이상,경상
2023005822,2023년 1월,야간,경상남도 양산시,중상사고,0,1,1,0,차대차 - 충돌,안전운전불이행,젖음/습기,맑음,교차로 - 교차로안,원동기,남,20세 이하,경상,원동기,남,41-50세,중상
2023006158,2023년 1월,주간,경상남도 양산시,경상사고,0,0,1,0,차대차 - 추돌,안전운전불이행,건조,맑음,교차로 - 교차로부근,승용,남,21-30세,상해없음,이륜,남,31-40세,경상
2023006238,2023년 1월,야간,경상남도 양산시,중상사고,0,1,0,0,차대차 - 충돌,기타,젖음/습기,비,교차로 - 교차로안,승용,여,41-50세,상해없음,이륜,남,31-40세,중상
2023006455,2023년 1월,주간,경상남도 양산시,경상사고,0,0,2,0,차대차 - 충돌,기타,건조,맑음,기타 - 기타,승용,남,51-60세,상해없음,승용,남,61-64세,경상
2023006469,2023년 1월,주간,경상남도 양산시,중상사고,0,1,2,0,차대차 - 충돌,신호위반,젖음/습기,흐림,교차로 - 교차로안,승용,남,51-60세,경상,승용,남,21-30세,경상
2023006771,2023년 1월,야간,경상남도 양산시,경상사고,0,0,4,0,차대차 - 충돌,안전운전불이행,건조,맑음,단일로 - 기타,승용,남,65세 이상,상해없음,승용,남,31-40세,경상
2023006997,2023년 1월,주간,경상남도 양산시,경상사고,0,0,3,0,차대차 - 충돌,신호위반,건조,맑음,교차로 - 교차로안,화물,여,61-64세,상해없음,승용,남,41-50세,경상
2023007335,2023년 1월,주간,경상남도 양산시,경상사고,0,0,2,0,차대차 - 충돌,안전운전불이행,건조,맑음,교차로 - 교차로안,승용,여,51-60세,상해없음,승용,남,41-50세,경상
2023007409,2023년 1월,주간,경상남도 양산시,중상사고,0,1,0,0,차대사람 - 횡단중,안전운전불이행,건조,맑음,교차로 - 교차로부근,화물,남,41-50세,상해없음,보행자,여,65세 이상,중상
2023007466,2023년 1월,주간,경상남도 양산시,부상신고사고,0,0,0,1,차대차 - 충돌,안전운전불이행,건조,맑음,주차장 - 주차장,승용,여,21-30세,상해없음,승용,여,21-30세,부상신고
2023007566,2023년 1월,주간,경상남도 양산시,경상사고,0,0,1,0,차대차 - 충돌,안전운전불이행,건조,맑음,교차로 - 교차로안,승용,남,61-64세,기타불명,승용,여,51-60세,경상
2023008041,2023년 1월,주간,경상남도 양산시,경상사고,0,0,1,0,차대차 - 충돌,신호위반,건조,맑음,교차로 - 교차로안,승용,남,51-60세,상해없음,승용,여,51-60세,경상
2023008397,2023년 1월,주간,경상남도 양산시,경상사고,0,0,1,0,차대차 - 추돌,안전운전불이행,건조,맑음,교차로 - 교차로안,화물,남,61-64세,기타불명,승용,여,51-60세,경상
2023008737,2023년 1월,야간,경상남도 양산시,경상사고,0,0,1,0,차대차 - 추돌,안전운전불이행,건조,기타,기타 - 기타,승용,남,31-40세,상해없음,승용,남,21-30세,경상
2023008939,2023년 1월,주간,경상남도 양산시,중상사고,0,1,0,0,차대사람 - 보도통행중,안전운전불이행,건조,맑음,단일로 - 기타,승용,여,65세 이상,상해없음,보행자,남,61-64세,중상
2023009063,2023년 1월,주간,경상남도 양산시,경상사고,0,0,1,0,차대차 - 기타,안전운전불이행,건조,맑음,단일로 - 기타,승용,남,21-30세,상해없음,승용,남,41-50세,경상
2023009184,2023년 1월,야간,경상남도 양산시,경상사고,0,0,1,0,차대차 - 충돌,안전운전불이행,건조,맑음,교차로 - 교차로안,승용,여,41-50세,상해없음,승용,남,31-40세,경상
2023009321,2023년 1월,주간,경상남도 양산시,경상사고,0,0,1,0,차대차 - 기타,안전운전불이행,젖음/습기,맑음,단일로 - 기타,승용,남,31-40세,상해없음,화물,남,65세 이상,경상
2023009359,2023년 1월,주간,경상남도 양산시,중상사고,0,1,0,0,차대차 - 추돌,안전거리미확보,건조,맑음,단일로 - 기타,승용,여,51-60세,상해없음,승용,남,41-50세,중상
2023009360,2023년 1월,주간,경상남도 양산시,부상신고사고,0,0,0,1,차대차 - 충돌,기타,건조,맑음,단일로 - 기타,승용,남,21-30세,상해없음,승용,여,31-40세,부상신고
2023009635,2023년 1월,주간,경상남도 양산시,중상사고,0,1,0,0,차량단독 - 기타,안전운전불이행,건조,맑음,단일로 - 기타,승합,남,41-50세,상해없음,,,,
2023009845,2023년 1월,야간,경상남도 양산시,중상사고,0,1,0,0,차대차 - 기타,안전운전불이행,건조,맑음,단일로 - 기타,승용,남,41-50세,상해없음,이륜,남,41-50세,중상
2023010119,2023년 1월,주간,경상남도 양산시,중상사고,0,1,0,0,차대차 - 기타,안전운전불이행,건조,맑음,단일로 - 기타,승용,남,51-60세,상해없음,이륜,남,41-50세,중상
2023010164,2023년 1월,주간,경상남도 양산시,중상사고,0,1,0,0,차대차 - 추돌,안전운전불이행,건조,맑음,교차로 - 교차로안,이륜,남,21-30세,상해없음,자전거,남,51-60세,중상
2023010174,2023년 1월,주간,경상남도 양산시,부상신고사고,0,0,0,4,차대차 - 추돌,안전거리미확보,건조,맑음,단일로 - 기타,승용,남,21-30세,상해없음,승용,남,61-64세,부상신고
2023010204,2023년 1월,주간,경상남도 양산시,중상사고,0,1,0,0,차대차 - 충돌,신호위반,건조,맑음,교차로 - 교차로안,이륜,남,21-30세,상해없음,자전거,남,12세 이하,중상
2023010248,2023년 1월,야간,경상남도 양산시,경상사고,0,0,1,0,차대차 - 기타,안전운전불이행,건조,맑음,교차로 - 교차로부근,승용,남,21-30세,상해없음,이륜,남,31-40세,경상
2023010289,2023년 1월,야간,경상남도 양산시,경상사고,0,0,1,0,차대차 - 추돌,안전거리미확보,건조,맑음,교차로 - 교차로부근,승용,남,41-50세,상해없음,승용,여,51-60세,경상
2023010318,2023년 1월,야간,경상남도 양산시,경상사고,0,0,1,0,차대차 - 기타,안전운전불이행,건조,맑음,단일로 - 기타,이륜,남,21-30세,경상,승용,남,51-60세,상해없음
2023010401,2023년 1월,주간,경상남도 양산시,경상사고,0,0,1,0,차대차 - 충돌,기타,건조,맑음,교차로 - 교차로안,승용,남,65세 이상,상해없음,승용,여,61-64세,경상
2023010587,2023년 1월,야간,경상남도 양산시,부상신고사고,0,0,0,1,차대차 - 충돌,안전운전불이행,건조,맑음,교차로 - 교차로안,승용,남,31-40세,상해없음,원동기,남,31-40세,부상신고
2023010763,2023년 1월,주간,경상남도 양산시,경상사고,0,0,1,0,차대차 - 충돌,중앙선침범,건조,맑음,단일로 - 교량,승용,남,21-30세,상해없음,승용,여,41-50세,경상
2023010962,2023년 1월,야간,경상남도 양산시,경상사고,0,0,1,0,차대차 - 충돌,안전운전불이행,건조,맑음,단일로 - 기타,이륜,남,20세 이하,경상,승용,남,51-60세,상해없음
2023010989,2023년 1월,야간,경상남도 양산시,경상사고,0,0,2,0,차대차 - 추돌,안전운전불이행,건조,맑음,단일로 - 기타,승용,남,31-40세,상해없음,승용,남,41-50세,경상
2023011154,2023년 1월,주간,경상남도 양산시,사망사고,1,1,0,0,차량단독 - 충돌,안전운전불이행,건조,맑음,단일로 - 기타,원동기,남,20세 이하,사망,,,,
2023011180,2023년 1월,야간,경상남도 양산시,경상사고,0,0,2,0,차대차 - 추돌,안전운전불이행,건조,맑음,교차로 - 교차로안,승용,여,51-60세,상해없음,승용,남,51-60세,경상
2023011980,2023년 1월,야간,경상남도 양산시,경상사고,0,0,1,0,차대차 - 충돌,안전운전불이행,건조,맑음,교차로 - 교차로부근,화물,남,41-50세,상해없음,승용,여,31-40세,경상
2023012230,2023년 1월,주간,경상남도 양산시,경상사고,0,0,2,0,차대차 - 추돌,안전운전불이행,건조,맑음,교차로 - 교차로부근,화물,남,61-64세,상해없음,승용,남,51-60세,경상
2023012694,2023년 1월,주간,경상남도 양산시,경상사고,0,0,1,0,차대차 - 충돌,안전운전불이행,건조,맑음,단일로 - 기타,승용,여,31-40세,상해없음,이륜,남,31-40세,경상
2023013298,2023년 1월,야간,경상남도 양산시,경상사고,0,0,3,0,차대차 - 추돌,안전운전불이행,건조,맑음,단일로 - 기타,승용,남,51-60세,상해없음,승용,여,41-50세,경상
2023013523,2023년 1월,주간,경상남도 양산시,경상사고,0,0,1,0,차대차 - 충돌,신호위반,건조,맑음,교차로 - 교차로안,승용,여,51-60세,상해없음,승용,여,41-50세,경상
2023013937,2023년 1월,야간,경상남도 양산시,경상사고,0,0,2,0,차대차 - 충돌,기타,건조,맑음,교차로 - 교차로안,승용,여,31-40세,상해없음,승용,남,21-30세,경상
2023013974,2023년 1월,야간,경상남도 양산시,경상사고,0,0,1,0,차대차 - 충돌,안전운전불이행,건조,맑음,교차로 - 교차로안,승용,남,41-50세,상해없음,승용,여,51-60세,경상
2023014090,2023년 1월,주간,경상남도 양산시,사망사고,1,0,0,0,차대차 - 충돌,안전운전불이행,건조,맑음,교차로 - 교차로횡단보도내,승합,남,41-50세,상해없음,자전거,여,65세 이상,사망
2023014091,2023년 1월,주간,경상남도 양산시,경상사고,0,0,1,0,차대차 - 충돌,기타,건조,맑음,단일로 - 기타,화물,남,65세 이상,상해없음,승용,여,61-64세,경상
2023014198,2023년 1월,주간,경상남도 양산시,경상사고,0,0,1,0,차대차 - 충돌,안전운전불이행,건조,맑음,교차로 - 교차로안,승용,남,41-50세,상해없음,승합,남,41-50세,경상
2023014257,2023년 1월,주간,경상남도 양산시,경상사고,0,0,3,0,차대차 - 충돌,안전운전불이행,건조,맑음,교차로 - 교차로안,승용,남,31-40세,상해없음,승용,남,31-40세,경상
2023014258,2023년 1월,주간,경상남도 양산시,중상사고,0,1,0,0,차대사람 - 횡단중,보행자보호의무위반,건조,맑음,교차로 - 교차로횡단보도내,승용,남,21-30세,상해없음,보행자,여,61-64세,중상
2023014343,2023년 1월,야간,경상남도 양산시,경상사고,0,0,1,0,차대사람 - 횡단중,보행자보호의무위반,건조,맑음,교차로 - 교차로안,승용,남,41-50세,상해없음,보행자,여,41-50세,경상
2023014386,2023년 1월,야간,경상남도 양산시,경상사고,0,0,1,0,차대차 - 충돌,안전운전불이행,건조,맑음,교차로 - 교차로안,승용,남,65세 이상,상해없음,이륜,남,41-50세,경상
2023014459,2023년 1월,야간,경상남도 양산시,경상사고,0,0,2,0,차대사람 - 횡단중,신호위반,건조,맑음,단일로 - 기타,이륜,남,20세 이하,경상,보행자,여,21-30세,경상
2023014544,2023년 2월,주간,경상남도 양산시,경상사고,0,0,1,0,차대차 - 기타,신호위반,건조,맑음,교차로 - 교차로안,승용,남,65세 이상,상해없음,승용,남,51-60세,경상
2023014617,2023년 2월,주간,경상남도 양산시,경상사고,0,0,1,0,차대차 - 기타,안전운전불이행,건조,맑음,단일로 - 기타,승용,남,61-64세,상해없음,승용,여,31-40세,경상
2023014751,2023년 2월,주간,경상남도 양산시,경상사고,0,0,2,0,차대차 - 충돌,중앙선침범,건조,맑음,단일로 - 기타,승용,여,51-60세,상해없음,승용,여,31-40세,경상
2023014864,2023년 2월,야간,경상남도 양산시,중상사고,0,1,0,0,차대사람 - 횡단중,보행자보호의무위반,건조,맑음,교차로 - 교차로안,승용,남,31-40세,상해없음,보행자,여,61-64세,중상
2023014905,2023년 2월,야간,경상남도 양산시,경상사고,0,0,2,0,차대차 - 추돌,안전거리미확보,건조,맑음,단일로 - 기타,원동기,남,31-40세,경상,승용,여,41-50세,경상
2023014957,2023년 2월,야간,경상남도 양산시,경상사고,0,0,1,0,차대차 - 충돌,신호위반,건조,맑음,교차로 - 교차로안,승용,남,51-60세,상해없음,원동기,남,21-30세,경상
2023015094,2023년 2월,주간,경상남도 양산시,경상사고,0,0,1,0,차대사람 - 기타,안전운전불이행,건조,맑음,단일로 - 기타,승용,남,61-64세,상해없음,보행자,남,21-30세,경상
2023015303,2023년 2월,주간,경상남도 양산시,중상사고,0,1,0,0,차대사람 - 횡단중,기타,건조,맑음,교차로 - 교차로부근,승용,여,51-60세,상해없음,보행자,남,13-20세,중상
2023015343,2023년 2월,야간,경상남도 양산시,중상사고,0,1,0,0,차대차 - 추돌,안전운전불이행,건조,맑음,단일로 - 기타,이륜,남,21-30세,중상,화물,남,41-50세,상해없음
2023015344,2023년 2월,야간,경상남도 양산시,경상사고,0,0,1,0,차대차 - 충돌,기타,건조,맑음,교차로 - 교차로안,승용,여,65세 이상,상해없음,승용,남,21-30세,경상
2023015676,2023년 2월,주간,경상남도 양산시,중상사고,0,1,0,0,차대차 - 충돌,안전운전불이행,건조,맑음,교차로 - 교차로안,승용,남,65세 이상,상해없음,자전거,남,65세 이상,중상
2023015677,2023년 2월,주간,경상남도 양산시,부상신고사고,0,0,0,1,차대차 - 기타,중앙선침범,건조,맑음,단일로 - 기타,승용,여,41-50세,상해없음,이륜,남,31-40세,부상신고
2023015745,2023년 2월,주간,경상남도 양산시,경상사고,0,0,1,0,차대차 - 충돌,안전운전불이행,건조,맑음,교차로 - 교차로부근,승용,남,65세 이상,기타불명,승용,남,31-40세,경상
2023015862,2023년 2월,야간,경상남도 양산시,경상사고,0,0,1,0,차대차 - 충돌,안전운전불이행,건조,맑음,단일로 - 기타,승용,여,51-60세,상해없음,화물,남,41-50세,경상
2023016134,2023년 2월,주간,경상남도 양산시,경상사고,0,0,1,0,차대차 - 충돌,안전거리미확보,건조,맑음,단일로 - 기타,화물,남,31-40세,상해없음,승용,남,31-40세,경상
2023016517,2023년 2월,야간,경상남도 양산시,경상사고,0,0,1,0,차대차 - 기타,안전운전불이행,건조,맑음,단일로 - 기타,승용,남,31-40세,상해없음,승용,남,41-50세,경상
2023016681,2023년 2월,주간,경상남도 양산시,경상사고,0,0,1,0,차대차 - 기타,안전운전불이행,건조,맑음,단일로 - 기타,승용,여,41-50세,상해없음,이륜,남,41-50세,경상
2023016802,2023년 2월,야간,경상남도 양산시,부상신고사고,0,0,0,1,차대차 - 기타,안전운전불이행,건조,맑음,단일로 - 기타,승용,남,21-30세,기타불명,승용,여,41-50세,부상신고
2023016803,2023년 2월,야간,경상남도 양산시,경상사고,0,0,1,0,차대차 - 충돌,신호위반,건조,맑음,교차로 - 교차로안,원동기,남,21-30세,기타불명,승용,남,41-50세,경상
2023016908,2023년 2월,야간,경상남도 양산시,사망사고,1,0,0,0,차량단독 - 전도전복,안전운전불이행,건조,맑음,단일로 - 기타,승용,남,21-30세,사망,,,,
2023017106,2023년 2월,주간,경상남도 양산시,경상사고,0,0,1,0,차대차 - 충돌,안전운전불이행,건조,맑음,교차로 - 교차로안,자전거,남,65세 이상,경상,승용,남,31-40세,상해없음
2023017123,2023년 2월,주간,경상남도 양산시,경상사고,0,0,1,0,차대차 - 충돌,신호위반,건조,맑음,교차로 - 교차로안,화물,남,21-30세,상해없음,승용,남,41-50세,경상
2023017250,2023년 2월,야간,경상남도 양산시,경상사고,0,0,1,0,차대차 - 충돌,안전운전불이행,건조,맑음,교차로 - 교차로안,승용,여,65세 이상,상해없음,화물,남,21-30세,경상