구분번호,발생년월,주야,시군구,사고내용,사망자수,중상자수,경상자수,부상신고자수,사고유형,법규위반,노면상태,기상상태,도로형태,가해운전자 차종,가해운전자 성별,가해운전자 연령대,가해운전자 상해정도,피해운전자 차종,피해운전자 성별,피해운전자 연령대,피해운전자 상해정도
2023034783,2023년 3월,야간,경상남도 양산시,경상사고,0,0,1,0,차대차 - 추돌,기타,건조,맑음,교차로 - 교차로부근,승용,남,51-60세,상해없음,승용,남,51-60세,상해없음
2023034794,2023년 3월,주간,경상남도 양산시,부상신고사고,0,0,0,1,차대차 - 충돌,안전운전불이행,건조,맑음,단일로 - 기타,화물,남,31-40세,상해없음,화물,남,31-40세,부상신고
2023034795,2023년 3월,주간,경상남도 양산시,중상사고,0,1,1,0,차대차 - 충돌,안전운전불이행,건조,맑음,교차로 - 교차로안,승용,여,51-60세,경상,이륜,남,41-50세,중상
2023035129,2023년 3월,야간,경상남도 양산시,경상사고,0,0,1,0,차대차 - 충돌,교차로운행방법위반,건조,맑음,교차로 - 교차로안,승용,남,51-60세,상해없음,승용,여,31-40세,경상
2023035130,2023년 3월,야간,경상남도 양산시,경상사고,0,0,3,0,차대차 - 기타,안전운전불이행,건조,맑음,교차로 - 교차로안,승용,여,61-64세,경상,승용,여,21-30세,경상
2023035466,2023년 3월,주간,경상남도 양산시,부상신고사고,0,0,0,1,차대차 - 충돌,기타,건조,맑음,교차로 - 교차로안,화물,남,31-40세,상해없음,승용,남,65세 이상,부상신고
2023035612,2023년 3월,주간,경상남도 양산시,부상신고사고,0,0,0,2,차대차 - 충돌,안전거리미확보,건조,맑음,단일로 - 기타,화물,남,65세 이상,상해없음,승용,남,31-40세,부상신고
2023035613,2023년 3월,주간,경상남도 양산시,중상사고,0,1,0,0,차량단독 - 충돌,안전운전불이행,건조,맑음,단일로 - 기타,화물,남,61-64세,중상,,,,
2023035753,2023년 3월,야간,경상남도 양산시,경상사고,0,0,2,0,차대차 - 기타,신호위반,건조,맑음,교차로 - 교차로안,승용,남,20세 이하,경상,승용,남,41-50세,경상
2023035754,2023년 3월,야간,경상남도 양산시,경상사고,0,0,1,0,차대차 - 기타,안전운전불이행,건조,맑음,단일로 - 기타,승용,남,41-50세,상해없음,승용,남,61-64세,경상
2023035780,2023년 3월,야간,경상남도 양산시,경상사고,0,0,1,0,차대차 - 충돌,안전운전불이행,건조,맑음,교차로 - 교차로안,승용,여,51-60세,상해없음,승용,남,21-30세,경상
2023035800,2023년 3월,야간,경상남도 양산시,중상사고,0,1,0,0,차대차 - 추돌,안전운전불이행,건조,맑음,단일로 - 기타,승용,남,21-30세,상해없음,농기계,남,61-64세,중상
2023036060,2023년 3월,주간,경상남도 양산시,경상사고,0,0,1,0,차대차 - 추돌,안전운전불이행,건조,맑음,교차로 - 교차로부근,승용,남,21-30세,상해없음,승합,남,31-40세,상해없음
2023036061,2023년 3월,주간,경상남도 양산시,경상사고,0,0,1,0,차대차 - 충돌,안전운전불이행,건조,맑음,교차로 - 교차로부근,승용,여,51-60세,상해없음,승용,남,31-40세,경상
2023036132,2023년 3월,주간,경상남도 양산시,중상사고,0,1,0,0,차대차 - 충돌,안전운전불이행,건조,맑음,단일로 - 기타,화물,남,41-50세,상해없음,이륜,남,13-20세,중상
2023036369,2023년 3월,주간,경상남도 양산시,경상사고,0,0,1,0,차대차 - 충돌,신호위반,건조,맑음,교차로 - 교차로안,화물,남,51-60세,상해없음,승용,여,21-30세,경상
2023036730,2023년 3월,야간,경상남도 양산시,경상사고,0,0,4,0,차대차 - 추돌,안전운전불이행,건조,맑음,단일로 - 기타,이륜,남,20세 이하,상해없음,승용,남,51-60세,경상
2023036881,2023년 3월,야간,경상남도 양산시,중상사고,0,1,0,0,차대차 - 추돌,안전운전불이행,건조,맑음,교차로 - 교차로부근,승용,남,31-40세,상해없음,승용,남,21-30세,중상
2023036980,2023년 3월,주간,경상남도 양산시,부상신고사고,0,0,0,1,차대차 - 충돌,교차로운행방법위반,건조,맑음,교차로 - 교차로안,승용,여,65세 이상,상해없음,승용,남,21-30세,부상신고
2023036981,2023년 3월,주간,경상남도 양산시,경상사고,0,0,1,0,차대차 - 충돌,안전거리미확보,건조,맑음,단일로 - 기타,건설기계,남,65세 이상,상해없음,승용,여,31-40세,경상
2023037062,2023년 3월,주간,경상남도 양산시,경상사고,0,0,1,0,차대차 - 추돌,안전운전불이행,건조,맑음,주차장 - 주차장,승용,여,65세 이상,상해없음,승용,여,21-30세,경상
2023037326,2023년 3월,주간,경상남도 양산시,중상사고,0,1,1,0,차대차 - 충돌,안전운전불이행,건조,맑음,교차로 - 교차로안,승용,남,21-30세,상해없음,승용,남,61-64세,중상
2023037656,2023년 3월,야간,경상남도 양산시,중상사고,0,1,0,0,차대사람 - 횡단중,신호위반,건조,맑음,교차로 - 교차로횡단보도내,승용,남,51-60세,상해없음,보행자,남,65세 이상,중상
2023037682,2023년 3월,야간,경상남도 양산시,경상사고,0,0,1,0,차대차 - 기타,안전운전불이행,건조,맑음,단일로 - 기타,승용,여,51-60세,상해없음,승용,남,31-40세,경상
2023037906,2023년 3월,주간,경상남도 양산시,경상사고,0,0,1,0,차대차 - 기타,안전운전불이행,건조,맑음,교차로 - 교차로안,승용,여,65세 이상,상해없음,승용,여,21-30세,경상
2023038041,2023년 3월,주간,경상남도 양산시,중상사고,0,1,0,0,차량단독 - 충돌,안전운전불이행,건조,맑음,단일로 - 기타,승용,여,65세 이상,중상,,,,
2023038081,2023년 3월,주간,경상남도 양산시,중상사고,0,1,0,0,차대차 - 기타,신호위반,건조,맑음,교차로 - 교차로안,승용,남,41-50세,상해없음,자전거,여,61-64세,중상
2023038160,2023년 3월,주간,경상남도 양산시,경상사고,0,0,1,0,차대차 - 기타,안전운전불이행,건조,맑음,교차로 - 교차로안,승용,여,21-30세,상해없음,승용,남,31-40세,경상
2023038161,2023년 3월,주간,경상남도 양산시,부상신고사고,0,0,0,1,차대차 - 충돌,안전거리미확보,건조,맑음,단일로 - 기타,승용,여,41-50세,상해없음,이륜,남,13-20세,부상신고
2023038365,2023년 3월,주간,경상남도 양산시,중상사고,0,1,0,0,차량단독 - 기타,기타,건조,맑음,단일로 - 기타,특수,남,41-50세,상해없음,,,,
2023038423,2023년 3월,주간,경상남도 양산시,경상사고,0,0,7,0,차대차 - 기타,교차로운행방법위반,건조,맑음,단일로 - 기타,특수,남,21-30세,상해없음,승합,남,65세 이상,상해없음
2023038468,2023년 3월,주간,경상남도 양산시,경상사고,0,0,3,0,차대차 - 추돌,안전거리미확보,건조,맑음,단일로 - 기타,승합,남,21-30세,상해없음,승용,남,61-64세,경상
2023038532,2023년 3월,주간,경상남도 양산시,경상사고,0,0,1,0,차대차 - 기타,안전운전불이행,건조,맑음,단일로 - 기타,승용,여,41-50세,상해없음,이륜,남,41-50세,경상
2023038818,2023년 3월,야간,경상남도 양산시,중상사고,0,1,1,0,차대차 - 충돌,신호위반,젖음/습기,비,교차로 - 교차로안,승용,남,31-40세,경상,승용,남,31-40세,중상
2023039285,2023년 3월,야간,경상남도 양산시,중상사고,0,1,0,0,차대차 - 충돌,신호위반,건조,맑음,교차로 - 교차로안,승용,남,41-50세,상해없음,이륜,남,31-40세,중상
2023039678,2023년 3월,주간,경상남도 양산시,경상사고,0,0,1,0,차대차 - 추돌,안전운전불이행,건조,맑음,교차로 - 교차로안,승용,여,65세 이상,상해없음,승용,여,31-40세,경상
2023039739,2023년 3월,주간,경상남도 양산시,경상사고,0,0,1,0,차대사람 - 기타,교차로운행방법위반,건조,맑음,교차로 - 교차로안,승용,여,65세 이상,상해없음,보행자,남,61-64세,경상
2023039874,2023년 3월,야간,경상남도 양산시,경상사고,0,0,1,0,차대차 - 추돌,안전거리미확보,건조,맑음,단일로 - 기타,승용,남,41-50세,상해없음,승용,남,21-30세,경상
2023039920,2023년 3월,야간,경상남도 양산시,중상사고,0,1,0,0,차대차 - 충돌,중앙선침범,젖음/습기,맑음,교차로 - 교차로안,승합,남,51-60세,상해없음,자전거,남,61-64세,중상
2023040021,2023년 3월,야간,경상남도 양산시,부상신고사고,0,0,0,3,차대차 - 충돌,교차로운행방법위반,건조,맑음,교차로 - 교차로안,승용,남,61-64세,상해없음,승용,남,13-20세,부상신고
2023040397,2023년 3월,야간,경상남도 양산시,경상사고,0,0,1,0,차대차 - 충돌,교차로운행방법위반,건조,맑음,교차로 - 교차로안,승용,남,31-40세,상해없음,승용,남,51-60세,경상
2023040995,2023년 3월,주간,경상남도 양산시,중상사고,0,1,0,0,차대차 - 충돌,기타,건조,맑음,교차로 - 교차로안,승용,남,65세 이상,상해없음,승용,남,31-40세,중상
2023041194,2023년 3월,주간,경상남도 양산시,중상사고,0,1,2,0,차대차 - 추돌,안전운전불이행,건조,맑음,교차로 - 교차로부근,승용,여,31-40세,상해없음,승용,남,41-50세,중상
2023041224,2023년 3월,주간,경상남도 양산시,중상사고,0,1,2,0,차대차 - 충돌,중앙선침범,건조,맑음,단일로 - 기타,화물,남,41-50세,상해없음,승용,남,21-30세,경상
2023041264,2023년 3월,주간,경상남도 양산시,중상사고,0,1,0,0,차대차 - 충돌,안전운전불이행,건조,맑음,주차장 - 주차장,승용,남,31-40세,기타불명,이륜,남,65세 이상,중상
2023041265,2023년 3월,주간,경상남도 양산시,경상사고,0,0,2,0,차대차 - 충돌,안전운전불이행,건조,맑음,교차로 - 교차로부근,이륜,여,65세 이상,기타불명,승용,여,41-50세,경상
2023041305,2023년 3월,주간,경상남도 양산시,중상사고,0,1,0,0,차대사람 - 횡단중,안전운전불이행,건조,맑음,단일로 - 기타,승용,남,61-64세,상해없음,보행자,여,65세 이상,중상
2023041535,2023년 3월,주간,경상남도 양산시,경상사고,0,0,1,0,차대차 - 충돌,신호위반,건조,맑음,교차로 - 교차로안,승용,여,41-50세,상해없음,승용,남,31-40세,경상
2023041609,2023년 3월,주간,경상남도 양산시,중상사고,0,1,0,0,차대사람 - 횡단중,보행자보호의무위반,건조,맑음,단일로 - 기타,승용,남,61-64세,상해없음,보행자,여,65세 이상,중상
2023042101,2023년 3월,주간,경상남도 양산시,중상사고,0,1,0,0,차대차 - 충돌,안전거리미확보,건조,맑음,단일로 - 기타,승용,남,61-64세,상해없음,승용,남,51-60세,중상
2023042184,2023년 3월,주간,경상남도 양산시,경상사고,0,0,1,0,차대차 - 추돌,안전운전불이행,건조,맑음,교차로 - 교차로안,승용,남,65세 이상,상해없음,화물,남,61-64세,경상
2023042342,2023년 3월,주간,경상남도 양산시,중상사고,0,1,0,0,차대차 - 추돌,안전운전불이행,건조,맑음,교차로 - 교차로부근,승용,여,51-60세,상해없음,승용,남,41-50세,중상
2023042809,2023년 3월,주간,경상남도 양산시,경상사고,0,0,1,0,차대차 - 추돌,안전거리미확보,건조,맑음,교차로 - 교차로부근,승용,남,41-50세,상해없음,승용,여,51-60세,경상
2023044439,2023년 4월,주간,경상남도 양산시,경상사고,0,0,1,0,차대차 - 충돌,안전운전불이행,건조,맑음,교차로 - 교차로안,승용,남,21-30세,상해없음,원동기,남,31-40세,경상
2023044631,2023년 4월,주간,경상남도 양산시,경상사고,0,0,1,0,차대차 - 충돌,안전운전불이행,건조,맑음,교차로 - 교차로안,승용,여,51-60세,상해없음,승용,남,21-30세,경상
2023044632,2023년 4월,주간,경상남도 양산시,경상사고,0,0,1,0,차대차 - 추돌,안전운전불이행,건조,맑음,교차로 - 교차로부근,승용,남,51-60세,상해없음,승용,여,65세 이상,경상
2023044633,2023년 4월,주간,경상남도 양산시,부상신고사고,0,0,0,1,차대사람 - 보도통행중,기타,건조,맑음,교차로 - 교차로부근,개인형이동수단(PM),남,20세 이하,상해없음,보행자,여,65세 이상,부상신고
2023044956,2023년 4월,주간,경상남도 양산시,중상사고,0,1,0,0,차대차 - 충돌,기타,건조,맑음,교차로 - 교차로안,특수,남,51-60세,상해없음,승용,남,51-60세,중상
2023044983,2023년 4월,주간,경상남도 양산시,경상사고,0,0,1,0,차대사람 - 횡단중,안전운전불이행,건조,맑음,교차로 - 교차로부근,화물,남,31-40세,상해없음,보행자,여,61-64세,경상
2023045046,2023년 4월,주간,경상남도 양산시,경상사고,0,0,1,0,차대차 - 추돌,안전거리미확보,건조,맑음,단일로 - 기타,승용,남,65세 이상,상해없음,승용,여,31-40세,경상
2023045115,2023년 4월,주간,경상남도 양산시,중상사고,0,1,0,0,차대차 - 충돌,안전운전불이행,건조,맑음,단일로 - 기타,승용,남,65세 이상,상해없음,자전거,여,41-50세,중상
2023045405,2023년 4월,주간,경상남도 양산시,중상사고,0,2,0,1,차대차 - 충돌,교차로운행방법위반,건조,맑음,교차로 - 교차로안,승용,남,31-40세,부상신고,승용,남,21-30세,중상
2023045595,2023년 4월,주간,경상남도 양산시,중상사고,0,1,0,0,차대차 - 충돌,신호위반,건조,맑음,교차로 - 교차로안,화물,남,41-50세,상해없음,이륜,남,13-20세,중상
2023045950,2023년 4월,야간,경상남도 양산시,경상사고,0,0,1,0,차대사람 - 차도통행중,안전운전불이행,젖음/습기,비,단일로 - 기타,이륜,남,31-40세,상해없음,보행자,여,51-60세,경상
2023046302,2023년 4월,주간,경상남도 양산시,경상사고,0,0,1,0,차대차 - 기타,신호위반,젖음/습기,비,교차로 - 교차로안,승용,여,51-60세,상해없음,화물,남,51-60세,경상
2023046368,2023년 4월,주간,경상남도 양산시,경상사고,0,0,3,0,차대차 - 충돌,안전거리미확보,젖음/습기,비,단일로 - 기타,승용,남,31-40세,상해없음,승용,여,51-60세,경상
2023046383,2023년 4월,주간,경상남도 양산시,경상사고,0,0,1,0,차대차 - 추돌,안전운전불이행,젖음/습기,비,단일로 - 기타,승합,남,31-40세,상해없음,승용,여,51-60세,경상
2023046384,2023년 4월,주간,경상남도 양산시,경상사고,0,0,1,0,차대차 - 충돌,안전거리미확보,젖음/습기,비,단일로 - 기타,화물,남,51-60세,상해없음,승용,여,41-50세,경상
2023046414,2023년 4월,야간,경상남도 양산시,중상사고,0,1,0,0,차대차 - 충돌,중앙선침범,젖음/습기,비,단일로 - 기타,승용,남,51-60세,상해없음,이륜,여,31-40세,중상
2023046539,2023년 4월,야간,경상남도 양산시,경상사고,0,0,1,0,차대사람 - 횡단중,안전운전불이행,건조,맑음,단일로 - 기타,승용,여,21-30세,상해없음,보행자,남,41-50세,경상
2023046658,2023년 4월,주간,경상남도 양산시,경상사고,0,0,1,0,차대차 - 충돌,기타,건조,맑음,교차로 - 교차로안,승용,남,21-30세,경상,승용,남,21-30세,상해없음
2023046759,2023년 4월,주간,경상남도 양산시,중상사고,0,1,0,0,차대차 - 충돌,안전운전불이행,건조,맑음,교차로 - 교차로안,승용,남,51-60세,상해없음,이륜,남,31-40세,중상
2023046776,2023년 4월,주간,경상남도 양산시,중상사고,0,1,0,0,차대차 - 충돌,중앙선침범,건조,맑음,기타 - 기타,승용,여,65세 이상,상해없음,이륜,남,41-50세,중상
2023046802,2023년 4월,주간,경상남도 양산시,경상사고,0,0,1,0,차대사람 - 횡단중,신호위반,건조,맑음,교차로 - 교차로부근,승용,남,65세 이상,기타불명,보행자,남,12세 이하,경상
2023047158,2023년 4월,야간,경상남도 양산시,부상신고사고,0,0,0,1,차대차 - 충돌,안전운전불이행,젖음/습기,흐림,교차로 - 교차로안,승용,남,41-50세,부상신고,승용,남,61-64세,상해없음
2023047237,2023년 4월,주간,경상남도 양산시,경상사고,0,0,1,0,차대사람 - 횡단중,보행자보호의무위반,건조,맑음,교차로 - 교차로횡단보도내,승용,남,51-60세,상해없음,보행자,여,12세 이하,경상
2023047505,2023년 4월,주간,경상남도 양산시,중상사고,0,1,0,0,차대사람 - 횡단중,안전운전불이행,건조,맑음,단일로 - 기타,승용,여,20세 이하,상해없음,보행자,남,13-20세,중상
2023047734,2023년 4월,야간,경상남도 양산시,중상사고,0,1,0,0,차대차 - 기타,신호위반,건조,맑음,단일로 - 기타,승용,남,31-40세,상해없음,이륜,남,13-20세,중상
2023048043,2023년 4월,주간,경상남도 양산시,경상사고,0,0,1,0,차대차 - 충돌,신호위반,건조,맑음,교차로 - 교차로부근,이륜,남,21-30세,상해없음,승용,여,41-50세,경상
2023048081,2023년 4월,주간,경상남도 양산시,중상사고,0,1,0,0,차대차 - 충돌,신호위반,건조,맑음,단일로 - 기타,승용,남,65세 이상,상해없음,승용,남,41-50세,중상
2023048113,2023년 4월,주간,경상남도 양산시,중상사고,0,1,0,0,차대차 - 충돌,교차로운행방법위반,건조,맑음,교차로 - 교차로안,승용,여,31-40세,상해없음,이륜,남,31-40세,중상
2023048153,2023년 4월,주간,경상남도 양산시,경상사고,0,0,1,0,차대차 - 충돌,안전거리미확보,건조,맑음,교차로 - 교차로안,승용,남,41-50세,상해없음,승용,남,51-60세,경상
2023048390,2023년 4월,야간,경상남도 양산시,경상사고,0,0,2,0,차대차 - 추돌,안전운전불이행,건조,맑음,교차로 - 교차로부근,승용,남,51-60세,상해없음,승용,여,21-30세,경상
2023048546,2023년 4월,주간,경상남도 양산시,경상사고,0,0,1,0,차대차 - 추돌,안전거리미확보,건조,맑음,단일로 - 기타,원동기,남,51-60세,상해없음,승용,남,41-50세,경상
2023048648,2023년 4월,주간,경상남도 양산시,중상사고,0,1,0,0,차대사람 - 차도통행중,안전운전불이행,건조,맑음,교차로 - 교차로안,승합,남,41-50세,상해없음,보행자,남,65세 이상,중상
2023048673,2023년 4월,주간,경상남도 양산시,경상사고,0,0,1,0,차대차 - 충돌,안전운전불이행,건조,맑음,단일로 - 기타,승용,여,65세 이상,상해없음,승용,여,65세 이상,경상
2023048699,2023년 4월,야간,경상남도 양산시,중상사고,0,1,0,0,차대사람 - 횡단중,안전운전불이행,건조,맑음,단일로 - 기타,승용,여,41-50세,상해없음,보행자,여,61-64세,중상
2023049481,2023년 4월,주간,경상남도 양산시,중상사고,0,1,0,0,차대차 - 추돌,안전운전불이행,건조,맑음,단일로 - 기타,이륜,남,20세 이하,중상,승용,남,41-50세,상해없음
2023049566,2023년 4월,주간,경상남도 양산시,경상사고,0,0,1,0,차대차 - 충돌,안전운전불이행,건조,흐림,교차로 - 교차로안,승용,여,51-60세,상해없음,승용,남,21-30세,경상
2023049805,2023년 4월,야간,경상남도 양산시,경상사고,0,0,1,0,차대차 - 충돌,신호위반,건조,맑음,교차로 - 교차로안,승용,남,51-60세,상해없음,승용,남,31-40세,경상
2023049891,2023년 4월,주간,경상남도 양산시,중상사고,0,1,1,0,차대차 - 추돌,안전거리미확보,건조,맑음,단일로 - 교량,승용,남,21-30세,상해없음,승용,여,41-50세,경상
2023050351,2023년 4월,야간,경상남도 양산시,경상사고,0,0,1,0,차대사람 - 차도통행중,안전운전불이행,건조,맑음,교차로 - 교차로안,승용,남,61-64세,상해없음,보행자,남,41-50세,경상
2023050423,2023년 4월,주간,경상남도 양산시,경상사고,0,0,1,0,차대차 - 충돌,안전거리미확보,건조,맑음,단일로 - 터널,특수,남,41-50세,상해없음,승용,남,41-50세,경상
2023050448,2023년 4월,주간,경상남도 양산시,경상사고,0,0,1,0,차대차 - 충돌,안전운전불이행,건조,맑음,교차로 - 교차로안,승용,남,41-50세,상해없음,승용,여,21-30세,경상
2023050449,2023년 4월,주간,경상남도 양산시,부상신고사고,0,0,0,1,차대차 - 기타,안전운전불이행,건조,맑음,단일로 - 기타,승용,남,51-60세,상해없음,승용,남,21-30세,부상신고
2023050551,2023년 4월,주간,경상남도 양산시,중상사고,0,3,0,0,차대차 - 충돌,안전거리미확보,건조,맑음,단일로 - 교량,특수,남,61-64세,상해없음,승용,여,31-40세,중상
2023050596,2023년 4월,주간,경상남도 양산시,경상사고,0,0,1,0,차대차 - 충돌,안전운전불이행,건조,맑음,기타 - 기타,승용,남,65세 이상,기타불명,자전거,여,41-50세,경상
2023050655,2023년 4월,주간,경상남도 양산시,경상사고,0,0,1,0,차대차 - 충돌,안전운전불이행,건조,맑음,단일로 - 기타,승용,남,41-50세,상해없음,이륜,남,13-20세,경상
2023050688,2023년 4월,주간,경상남도 양산시,경상사고,0,0,1,0,차대차 - 충돌,교차로운행방법위반,건조,맑음,단일로 - 기타,화물,남,65세 이상,경상,특수,남,51-60세,상해없음
2023050947,2023년 4월,주간,경상남도 양산시,중상사고,0,1,0,0,차대사람 - 횡단중,보행자보호의무위반,건조,맑음,교차로 - 교차로안,승합,남,31-40세,상해없음,보행자,여,61-64세,중상
2023051002,2023년 4월,주간,경상남도 양산시,경상사고,0,0,1,0,차대차 - 충돌,안전운전불이행,건조,맑음,교차로 - 교차로안,승용,남,65세 이상,상해없음,자전거,여,65세 이상,경상
2023051082,2023년 4월,주간,경상남도 양산시,경상사고,0,0,1,0,차대차 - 충돌,안전운전불이행,젖음/습기,비,교차로 - 교차로안,이륜,남,31-40세,경상,승용,여,41-50세,상해없음
2023051107,2023년 4월,주간,경상남도 양산시,중상사고,0,1,0,0,차대차 - 충돌,신호위반,젖음/습기,비,교차로 - 교차로안,화물,남,51-60세,상해없음,승용,남,61-64세,중상
2023051144,2023년 4월,주간,경상남도 양산시,경상사고,0,0,1,0,차대차 - 기타,안전운전불이행,건조,맑음,교차로 - 교차로안,화물,남,41-50세,상해없음,이륜,남,21-30세,경상
2023051185,2023년 4월,주간,경상남도 양산시,경상사고,0,0,1,0,차대차 - 추돌,안전운전불이행,건조,맑음,단일로 - 기타,화물,남,61-64세,상해없음,화물,남,61-64세,경상
2023051264,2023년 4월,주간,경상남도 양산시,경상사고,0,0,2,0,차대차 - 충돌,안전운전불이행,젖음/습기,비,교차로 - 교차로안,승용,남,21-30세,상해없음,승용,남,41-50세,경상
2023051345,2023년 4월,야간,경상남도 양산시,경상사고,0,0,1,0,차대사람 - 차도통행중,안전운전불이행,젖음/습기,비,단일로 - 기타,이륜,남,65세 이상,상해없음,보행자,남,65세 이상,경상
2023051346,2023년 4월,야간,경상남도 양산시,중상사고,0,1,0,0,차대사람 - 횡단중,보행자보호의무위반,건조,맑음,교차로 - 교차로횡단보도내,승합,남,51-60세,상해없음,보행자,여,51-60세,중상
2023051426,2023년 4월,야간,경상남도 양산시,경상사고,0,0,1,0,차대차 - 충돌,교차로운행방법위반,젖음/습기,비,교차로 - 교차로안,승용,남,51-60세,상해없음,승용,남,21-30세,경상
2023051450,2023년 4월,야간,경상남도 양산시,중상사고,0,1,0,0,차대차 - 충돌,신호위반,젖음/습기,비,교차로 - 교차로안,승용,남,21-30세,상해없음,승용,남,21-30세,중상
2023051474,2023년 4월,야간,경상남도 양산시,부상신고사고,0,0,0,1,차대차 - 충돌,안전운전불이행,건조,맑음,교차로 - 교차로안,이륜,남,31-40세,상해없음,자전거,남,13-20세,부상신고
2023051521,2023년 4월,야간,경상남도 양산시,중상사고,0,1,0,0,차대차 - 충돌,신호위반,젖음/습기,비,교차로 - 교차로안,승용,남,61-64세,상해없음,승용,남,21-30세,중상
2023051602,2023년 4월,주간,경상남도 양산시,경상사고,0,0,1,0,차대차 - 충돌,안전운전불이행,젖음/습기,흐림,단일로 - 기타,화물,남,61-64세,상해없음,이륜,남,31-40세,경상
2023051664,2023년 4월,주간,경상남도 양산시,부상신고사고,0,0,0,1,차대차 - 기타,교차로운행방법위반,젖음/습기,비,교차로 - 교차로안,승용,남,51-60세,상해없음,이륜,남,51-60세,부상신고
2023051803,2023년 4월,주간,경상남도 양산시,경상사고,0,0,1,0,차대차 - 충돌,신호위반,건조,맑음,교차로 - 교차로안,승용,여,31-40세,상해없음,자전거,남,51-60세,경상
2023051825,2023년 4월,주간,경상남도 양산시,경상사고,0,0,1,0,차대차 - 추돌,안전운전불이행,건조,맑음,단일로 - 교량,이륜,남,20세 이하,상해없음,승용,남,31-40세,경상
2023052081,2023년 4월,주간,경상남도 양산시,경상사고,0,0,1,0,차대차 - 추돌,안전운전불이행,건조,맑음,단일로 - 기타,이륜,남,21-30세,기타불명,승용,여,13-20세,상해없음
2023052196,2023년 4월,주간,경상남도 양산시,경상사고,0,0,1,0,차대차 - 기타,안전운전불이행,젖음/습기,비,교차로 - 교차로안,승용,여,51-60세,상해없음,자전거,여,51-60세,경상
2023052251,2023년 4월,주간,경상남도 양산시,중상사고,0,1,2,0,차대차 - 충돌,중앙선침범,젖음/습기,흐림,단일로 - 기타,승용,남,65세 이상,경상,화물,남,51-60세,중상
2023052301,2023년 4월,야간,경상남도 양산시,경상사고,0,0,1,1,차대차 - 충돌,교차로운행방법위반,젖음/습기,흐림,교차로 - 교차로안,자전거,여,51-60세,경상,자전거,여,13-20세,부상신고
2023052543,2023년 4월,주간,경상남도 양산시,경상사고,0,0,2,0,차대차 - 충돌,안전운전불이행,건조,맑음,교차로 - 교차로안,승용,여,51-60세,경상,승용,여,61-64세,경상
2023052574,2023년 4월,주간,경상남도 양산시,경상사고,0,0,1,0,차대차 - 충돌,안전거리미확보,건조,맑음,단일로 - 기타,승용,남,61-64세,상해없음,승합,남,41-50세,경상
2023052752,2023년 4월,주간,경상남도 양산시,중상사고,0,1,0,0,차대사람 - 횡단중,보행자보호의무위반,건조,맑음,단일로 - 기타,승용,여,21-30세,상해없음,보행자,여,12세 이하,중상
2023052833,2023년 4월,주간,경상남도 양산시,경상사고,0,0,1,0,차대사람 - 보도통행중,안전운전불이행,건조,맑음,단일로 - 기타,승용,남,65세 이상,상해없음,보행자,남,51-60세,경상
2023052908,2023년 4월,야간,경상남도 양산시,경상사고,0,0,1,0,차대사람 - 차도통행중,안전운전불이행,건조,맑음,단일로 - 기타,승용,남,41-50세,상해없음,보행자,여,65세 이상,경상
2023052983,2023년 4월,야간,경상남도 양산시,경상사고,0,0,1,0,차대차 - 추돌,안전운전불이행,건조,맑음,단일로 - 기타,승용,남,51-60세,상해없음,승용,여,41-50세,경상
2023053371,2023년 4월,야간,경상남도 양산시,부상신고사고,0,0,0,1,차대차 - 추돌,안전운전불이행,건조,맑음,교차로 - 교차로안,승용,남,31-40세,상해없음,승용,남,41-50세,부상신고
2023053584,2023년 4월,주간,경상남도 양산시,경상사고,0,0,1,0,차대차 - 충돌,안전운전불이행,건조,맑음,단일로 - 기타,승용,여,21-30세,상해없음,자전거,여,61-64세,경상
2023053585,2023년 4월,주간,경상남도 양산시,경상사고,0,0,1,0,차대차 - 충돌,안전운전불이행,건조,맑음,단일로 - 기타,승용,여,41-50세,상해없음,승용,여,41-50세,경상
2023053729,2023년 4월,주간,경상남도 양산시,부상신고사고,0,0,0,1,차량단독 - 전도전복,안전운전불이행,젖음/습기,비,교차로 - 교차로안,이륜,남,65세 이상,부상신고,,,,
2023054193,2023년 4월,주간,경상남도 양산시,경상사고,0,0,2,0,차대차 - 기타,안전운전불이행,건조,맑음,단일로 - 기타,승용,여,31-40세,상해없음,화물,남,61-64세,경상
2023054288,2023년 4월,주간,경상남도 양산시,경상사고,0,0,1,0,차대차 - 기타,신호위반,건조,맑음,교차로 - 교차로안,승용,여,41-50세,상해없음,이륜,남,13-20세,경상
2023054434,2023년 4월,주간,경상남도 양산시,경상사고,0,0,1,0,차대차 - 충돌,안전운전불이행,건조,맑음,교차로 - 교차로안,승용,남,61-64세,상해없음,승용,여,21-30세,경상
2023054569,2023년 4월,야간,경상남도 양산시,경상사고,0,0,1,0,차대차 - 충돌,중앙선침범,건조,맑음,단일로 - 기타,승용,남,31-40세,상해없음,승용,여,21-30세,경상