구분번호,발생년월,주야,시군구,사고내용,사망자수,중상자수,경상자수,부상신고자수,사고유형,법규위반,노면상태,기상상태,도로형태,가해운전자 차종,가해운전자 성별,가해운전자 연령대,가해운전자 상해정도,피해운전자 차종,피해운전자 성별,피해운전자 연령대,피해운전자 상해정도
2023135291,2023년 9월,야간,경상남도 양산시,경상사고,0,0,1,0,차대차 - 충돌,안전운전불이행,건조,맑음,단일로 - 기타,승용,여,51-60세,상해없음,이륜,남,41-50세,경상
2023135447,2023년 9월,주간,경상남도 양산시,경상사고,0,0,1,0,차대차 - 충돌,기타,건조,맑음,교차로 - 교차로안,화물,남,61-64세,상해없음,승합,남,31-40세,상해없음
2023135667,2023년 9월,주간,경상남도 양산시,경상사고,0,0,2,0,차대차 - 충돌,안전운전불이행,건조,맑음,교차로 - 교차로안,화물,남,31-40세,경상,화물,남,51-60세,상해없음
2023135988,2023년 9월,야간,경상남도 양산시,경상사고,0,0,1,0,차대차 - 충돌,교차로운행방법위반,건조,맑음,교차로 - 교차로안,승용,여,41-50세,상해없음,승용,여,41-50세,경상
2023136018,2023년 9월,야간,경상남도 양산시,경상사고,0,0,1,0,차대차 - 기타,교차로운행방법위반,젖음/습기,비,교차로 - 교차로안,승용,여,51-60세,상해없음,이륜,남,31-40세,경상
2023136198,2023년 9월,주간,경상남도 양산시,사망사고,1,2,0,0,차대차 - 추돌,신호위반,젖음/습기,비,단일로 - 기타,승용,남,41-50세,상해없음,승용,여,51-60세,중상
2023136199,2023년 9월,주간,경상남도 양산시,중상사고,0,1,0,0,차대차 - 충돌,신호위반,건조,맑음,교차로 - 교차로안,승용,여,41-50세,상해없음,승용,남,41-50세,중상
2023136436,2023년 9월,주간,경상남도 양산시,중상사고,0,1,0,0,차대사람 - 횡단중,보행자보호의무위반,건조,맑음,교차로 - 교차로횡단보도내,승용,남,41-50세,상해없음,보행자,여,12세 이하,중상
2023136437,2023년 9월,주간,경상남도 양산시,경상사고,0,0,1,0,차대차 - 충돌,안전운전불이행,건조,맑음,단일로 - 기타,승합,여,20세 이하,상해없음,승용,여,21-30세,경상
2023136476,2023년 9월,주간,경상남도 양산시,경상사고,0,0,1,0,차대차 - 충돌,안전운전불이행,건조,맑음,교차로 - 교차로안,승용,남,61-64세,상해없음,승용,여,41-50세,경상
2023136568,2023년 9월,야간,경상남도 양산시,경상사고,0,0,1,0,차대차 - 충돌,안전운전불이행,젖음/습기,비,교차로 - 교차로안,승용,남,51-60세,상해없음,이륜,여,21-30세,경상
2023136710,2023년 9월,야간,경상남도 양산시,중상사고,0,1,0,0,차대차 - 충돌,신호위반,건조,맑음,교차로 - 교차로안,승용,남,65세 이상,상해없음,승용,남,31-40세,중상
2023136943,2023년 9월,주간,경상남도 양산시,경상사고,0,0,2,0,차대차 - 충돌,신호위반,건조,맑음,교차로 - 교차로안,승합,남,31-40세,상해없음,승용,여,41-50세,경상
2023137035,2023년 9월,주간,경상남도 양산시,경상사고,0,0,1,0,차대차 - 충돌,교차로운행방법위반,건조,맑음,교차로 - 교차로안,승용,남,51-60세,상해없음,승용,남,41-50세,경상
2023137078,2023년 9월,주간,경상남도 양산시,경상사고,0,0,1,0,차대차 - 기타,안전운전불이행,건조,맑음,교차로 - 교차로안,승용,남,51-60세,상해없음,승용,남,41-50세,경상
2023137560,2023년 9월,주간,경상남도 양산시,중상사고,0,1,0,2,차대차 - 추돌,안전운전불이행,젖음/습기,비,단일로 - 기타,화물,남,51-60세,상해없음,화물,남,61-64세,중상
2023137717,2023년 9월,주간,경상남도 양산시,중상사고,0,1,2,0,차대차 - 충돌,기타,젖음/습기,비,교차로 - 교차로안,승합,남,21-30세,상해없음,승용,여,61-64세,경상
2023137750,2023년 9월,야간,경상남도 양산시,경상사고,0,0,2,0,차대차 - 충돌,교차로운행방법위반,젖음/습기,비,교차로 - 교차로안,승용,남,41-50세,상해없음,승용,남,31-40세,경상
2023137913,2023년 9월,야간,경상남도 양산시,경상사고,0,0,1,0,차대차 - 기타,안전운전불이행,젖음/습기,맑음,교차로 - 교차로부근,승합,남,21-30세,상해없음,개인형이동수단(PM),남,31-40세,경상
2023138045,2023년 9월,주간,경상남도 양산시,중상사고,0,1,0,0,차대차 - 기타,안전운전불이행,건조,맑음,단일로 - 기타,승용,남,65세 이상,중상,승용,남,65세 이상,기타불명
2023138094,2023년 9월,주간,경상남도 양산시,경상사고,0,0,4,0,차대차 - 기타,안전거리미확보,건조,맑음,교차로 - 교차로안,승용,남,20세 이하,상해없음,승용,남,31-40세,경상
2023138286,2023년 9월,야간,경상남도 양산시,중상사고,0,1,0,0,차대사람 - 길가장자리구역통행중,안전운전불이행,건조,맑음,단일로 - 기타,승용,남,61-64세,상해없음,보행자,남,31-40세,중상
2023138339,2023년 9월,야간,경상남도 양산시,경상사고,0,0,1,0,차대차 - 기타,신호위반,젖음/습기,맑음,교차로 - 교차로안,승용,남,41-50세,상해없음,이륜,남,51-60세,경상
2023138717,2023년 9월,주간,경상남도 양산시,경상사고,0,0,2,0,차대차 - 충돌,안전거리미확보,건조,맑음,단일로 - 기타,승용,남,41-50세,상해없음,승용,여,41-50세,경상
2023138946,2023년 9월,야간,경상남도 양산시,중상사고,0,1,0,0,차대차 - 충돌,안전운전불이행,건조,맑음,교차로 - 교차로안,승용,여,41-50세,상해없음,승용,남,31-40세,중상
2023139361,2023년 9월,주간,경상남도 양산시,경상사고,0,0,1,0,차대차 - 충돌,안전운전불이행,건조,맑음,단일로 - 기타,화물,남,51-60세,상해없음,승용,여,41-50세,경상
2023139362,2023년 9월,주간,경상남도 양산시,경상사고,0,0,1,0,차량단독 - 기타,기타,건조,맑음,단일로 - 기타,승합,남,51-60세,상해없음,,,,
2023139402,2023년 9월,주간,경상남도 양산시,경상사고,0,0,1,1,차대차 - 충돌,안전운전불이행,건조,맑음,교차로 - 교차로안,승용,남,51-60세,상해없음,승용,여,21-30세,경상
2023139443,2023년 9월,야간,경상남도 양산시,경상사고,0,0,4,0,차대차 - 충돌,신호위반,젖음/습기,비,교차로 - 교차로안,승용,남,65세 이상,상해없음,승용,남,21-30세,경상
2023139444,2023년 9월,야간,경상남도 양산시,중상사고,0,1,0,0,차대사람 - 차도통행중,안전운전불이행,건조,맑음,교차로 - 교차로안,개인형이동수단(PM),남,20세 이하,상해없음,보행자,여,41-50세,중상
2023139684,2023년 9월,주간,경상남도 양산시,중상사고,0,1,0,0,차대사람 - 횡단중,보행자보호의무위반,건조,맑음,교차로 - 교차로안,화물,남,51-60세,상해없음,보행자,남,12세 이하,중상
2023139685,2023년 9월,주간,경상남도 양산시,경상사고,0,0,1,2,차대차 - 충돌,안전운전불이행,건조,맑음,교차로 - 교차로안,화물,남,65세 이상,경상,승용,남,41-50세,부상신고
2023139713,2023년 9월,주간,경상남도 양산시,중상사고,0,1,0,0,차대차 - 기타,안전운전불이행,건조,맑음,단일로 - 기타,화물,남,51-60세,상해없음,화물,남,31-40세,상해없음
2023140017,2023년 9월,주간,경상남도 양산시,경상사고,0,0,2,0,차대차 - 추돌,안전운전불이행,젖음/습기,비,교차로 - 교차로부근,승합,남,65세 이상,상해없음,승용,남,41-50세,경상
2023140138,2023년 9월,야간,경상남도 양산시,경상사고,0,0,3,0,차대차 - 추돌,안전거리미확보,젖음/습기,비,교차로 - 교차로안,승용,여,41-50세,경상,승용,여,21-30세,경상
2023140139,2023년 9월,야간,경상남도 양산시,중상사고,0,1,0,0,차대사람 - 횡단중,신호위반,젖음/습기,비,교차로 - 교차로안,이륜,남,51-60세,상해없음,보행자,남,21-30세,중상
2023140218,2023년 9월,야간,경상남도 양산시,경상사고,0,0,1,0,차대차 - 추돌,안전운전불이행,젖음/습기,비,단일로 - 기타,승용,남,51-60세,상해없음,이륜,남,31-40세,경상
2023140273,2023년 9월,야간,경상남도 양산시,경상사고,0,0,1,0,차대차 - 충돌,중앙선침범,건조,맑음,교차로 - 교차로안,화물,남,51-60세,상해없음,승용,남,41-50세,경상
2023140374,2023년 9월,주간,경상남도 양산시,중상사고,0,1,0,0,차대차 - 충돌,교차로운행방법위반,건조,맑음,교차로 - 교차로안,화물,남,41-50세,중상,승용,여,61-64세,상해없음
2023140420,2023년 9월,주간,경상남도 양산시,중상사고,0,1,0,0,차대사람 - 차도통행중,안전운전불이행,건조,맑음,단일로 - 기타,승용,남,65세 이상,상해없음,보행자,남,65세 이상,중상
2023140583,2023년 9월,주간,경상남도 양산시,경상사고,0,0,1,0,차대차 - 충돌,신호위반,건조,맑음,교차로 - 교차로안,승용,남,31-40세,상해없음,화물,남,31-40세,경상
2023140595,2023년 9월,주간,경상남도 양산시,경상사고,0,0,1,0,차대차 - 기타,안전거리미확보,건조,맑음,단일로 - 기타,화물,남,41-50세,상해없음,승용,남,51-60세,경상
2023140814,2023년 9월,야간,경상남도 양산시,경상사고,0,0,1,0,차대차 - 충돌,신호위반,젖음/습기,흐림,교차로 - 교차로안,승용,여,51-60세,상해없음,승용,남,51-60세,경상
2023140998,2023년 9월,주간,경상남도 양산시,경상사고,0,0,1,0,차대차 - 충돌,안전운전불이행,건조,맑음,교차로 - 교차로부근,승용,남,41-50세,상해없음,승용,여,41-50세,경상
2023141043,2023년 9월,주간,경상남도 양산시,경상사고,0,0,1,0,차대차 - 기타,안전거리미확보,건조,맑음,단일로 - 기타,승용,여,31-40세,상해없음,승합,남,41-50세,경상
2023141112,2023년 9월,주간,경상남도 양산시,경상사고,0,0,1,0,차대차 - 기타,기타,건조,맑음,교차로 - 교차로안,이륜,남,41-50세,상해없음,승용,여,31-40세,경상
2023141260,2023년 9월,주간,경상남도 양산시,경상사고,0,0,1,0,차대차 - 기타,안전운전불이행,건조,맑음,단일로 - 기타,승용,남,21-30세,상해없음,승용,여,41-50세,경상
2023141318,2023년 9월,주간,경상남도 양산시,경상사고,0,0,1,0,차대차 - 충돌,안전운전불이행,건조,맑음,단일로 - 기타,승용,여,41-50세,상해없음,개인형이동수단(PM),남,13-20세,경상
2023141381,2023년 9월,주간,경상남도 양산시,경상사고,0,0,1,0,차대차 - 충돌,신호위반,건조,맑음,교차로 - 교차로안,승용,여,51-60세,상해없음,자전거,남,31-40세,경상
2023141506,2023년 9월,야간,경상남도 양산시,중상사고,0,1,0,0,차대사람 - 횡단중,보행자보호의무위반,건조,맑음,교차로 - 교차로안,승용,여,41-50세,상해없음,보행자,남,65세 이상,중상
2023141885,2023년 9월,주간,경상남도 양산시,중상사고,0,1,1,0,차대차 - 기타,기타,건조,맑음,단일로 - 기타,자전거,남,65세 이상,중상,승용,남,31-40세,경상
2023142075,2023년 9월,주간,경상남도 양산시,중상사고,0,1,0,0,차대차 - 충돌,안전운전불이행,건조,맑음,교차로 - 교차로안,승용,남,21-30세,기타불명,이륜,남,21-30세,중상
2023142232,2023년 9월,야간,경상남도 양산시,경상사고,0,0,1,0,차대차 - 기타,안전운전불이행,건조,맑음,단일로 - 기타,승용,남,31-40세,상해없음,이륜,남,41-50세,경상
2023142283,2023년 9월,야간,경상남도 양산시,경상사고,0,0,2,0,차대차 - 추돌,안전운전불이행,건조,맑음,교차로 - 교차로부근,승용,여,65세 이상,상해없음,승용,남,41-50세,경상
2023142315,2023년 9월,주간,경상남도 양산시,중상사고,0,1,0,0,차대사람 - 기타,안전운전불이행,건조,맑음,주차장 - 주차장,승용,남,65세 이상,상해없음,보행자,여,65세 이상,중상
2023142411,2023년 9월,주간,경상남도 양산시,경상사고,0,0,1,0,차대사람 - 횡단중,신호위반,건조,맑음,교차로 - 교차로횡단보도내,이륜,남,20세 이하,상해없음,보행자,남,61-64세,경상
2023142680,2023년 9월,야간,경상남도 양산시,중상사고,0,2,0,0,차대차 - 충돌,중앙선침범,건조,맑음,단일로 - 기타,승용,남,65세 이상,상해없음,이륜,여,21-30세,중상
2023142938,2023년 9월,주간,경상남도 양산시,경상사고,0,0,1,0,차대차 - 충돌,신호위반,건조,맑음,교차로 - 교차로안,승용,남,65세 이상,상해없음,건설기계,남,61-64세,상해없음
2023142939,2023년 9월,주간,경상남도 양산시,경상사고,0,0,1,0,차대차 - 추돌,안전운전불이행,건조,맑음,단일로 - 기타,화물,남,51-60세,상해없음,화물,남,31-40세,상해없음
2023143020,2023년 9월,주간,경상남도 양산시,경상사고,0,0,1,0,차대사람 - 차도통행중,안전운전불이행,건조,맑음,단일로 - 기타,승용,남,21-30세,상해없음,보행자,여,41-50세,경상
2023143021,2023년 9월,주간,경상남도 양산시,중상사고,0,1,0,0,차대차 - 추돌,안전운전불이행,건조,맑음,단일로 - 기타,승용,여,31-40세,상해없음,이륜,남,31-40세,중상
2023143107,2023년 9월,주간,경상남도 양산시,경상사고,0,0,2,0,차대차 - 충돌,안전거리미확보,건조,맑음,교차로 - 교차로안,승용,여,41-50세,경상,화물,남,41-50세,경상
2023143220,2023년 9월,야간,경상남도 양산시,중상사고,0,1,0,0,차대사람 - 횡단중,보행자보호의무위반,건조,흐림,단일로 - 기타,이륜,남,20세 이하,상해없음,보행자,여,51-60세,중상
2023143271,2023년 9월,야간,경상남도 양산시,경상사고,0,0,1,0,차대사람 - 차도통행중,안전운전불이행,건조,맑음,단일로 - 기타,승용,남,51-60세,상해없음,보행자,남,13-20세,경상
2023143339,2023년 9월,야간,경상남도 양산시,경상사고,0,0,1,0,차대사람 - 횡단중,신호위반,건조,맑음,교차로 - 교차로부근,승용,남,65세 이상,상해없음,보행자,남,31-40세,경상
2023143725,2023년 9월,주간,경상남도 양산시,경상사고,0,0,1,0,차대차 - 충돌,신호위반,건조,맑음,교차로 - 교차로안,승용,여,41-50세,상해없음,승용,남,65세 이상,경상
2023144382,2023년 9월,주간,경상남도 양산시,중상사고,0,2,0,0,차대차 - 충돌,안전운전불이행,건조,맑음,교차로 - 교차로안,건설기계,남,41-50세,상해없음,승용,여,51-60세,중상
2023144556,2023년 9월,주간,경상남도 양산시,경상사고,0,0,1,0,차대차 - 충돌,기타,건조,맑음,교차로 - 교차로안,승용,남,61-64세,상해없음,승용,남,51-60세,경상
2023144675,2023년 9월,야간,경상남도 양산시,경상사고,0,0,1,0,차대차 - 충돌,안전거리미확보,건조,맑음,단일로 - 기타,승용,남,41-50세,상해없음,승용,남,31-40세,경상
2023144817,2023년 9월,야간,경상남도 양산시,부상신고사고,0,0,0,1,차대차 - 충돌,안전운전불이행,건조,맑음,단일로 - 기타,승용,남,61-64세,상해없음,승합,남,51-60세,상해없음
2023145024,2023년 9월,주간,경상남도 양산시,경상사고,0,0,1,0,차대차 - 기타,신호위반,건조,맑음,교차로 - 교차로안,승용,남,65세 이상,상해없음,승용,남,41-50세,경상
2023145090,2023년 9월,주간,경상남도 양산시,중상사고,0,1,0,0,차대사람 - 기타,안전운전불이행,건조,맑음,단일로 - 기타,승용,여,65세 이상,상해없음,보행자,남,65세 이상,중상
2023145105,2023년 9월,주간,경상남도 양산시,경상사고,0,0,2,0,차대차 - 추돌,안전거리미확보,건조,맑음,단일로 - 기타,승용,남,31-40세,상해없음,승용,남,21-30세,경상
2023145124,2023년 9월,주간,경상남도 양산시,중상사고,0,1,0,0,차대차 - 기타,안전운전불이행,건조,맑음,교차로 - 교차로안,승용,여,61-64세,상해없음,원동기,남,13-20세,중상
2023145679,2023년 9월,주간,경상남도 양산시,경상사고,0,0,5,2,차대차 - 충돌,안전운전불이행,젖음/습기,비,단일로 - 기타,화물,남,21-30세,상해없음,승용,여,31-40세,경상
2023146134,2023년 10월,주간,경상남도 양산시,경상사고,0,0,2,0,차대차 - 충돌,안전운전불이행,건조,맑음,단일로 - 기타,화물,남,41-50세,상해없음,승용,남,31-40세,경상
2023146176,2023년 10월,주간,경상남도 양산시,경상사고,0,0,3,0,차대차 - 추돌,안전거리미확보,건조,맑음,단일로 - 기타,승용,남,21-30세,상해없음,승용,남,65세 이상,상해없음
2023146597,2023년 10월,주간,경상남도 양산시,경상사고,0,0,1,0,차대차 - 충돌,기타,건조,맑음,교차로 - 교차로안,승용,남,41-50세,상해없음,자전거,남,61-64세,경상
2023146636,2023년 10월,주간,경상남도 양산시,경상사고,0,0,1,0,차대차 - 충돌,안전운전불이행,건조,맑음,교차로 - 교차로안,승용,여,31-40세,상해없음,이륜,남,31-40세,경상
2023146672,2023년 10월,주간,경상남도 양산시,경상사고,0,0,1,0,차대차 - 충돌,신호위반,건조,맑음,교차로 - 교차로안,이륜,남,51-60세,상해없음,승용,남,61-64세,경상
2023146673,2023년 10월,주간,경상남도 양산시,경상사고,0,0,1,0,차대차 - 충돌,안전운전불이행,건조,맑음,교차로 - 교차로횡단보도내,승용,남,41-50세,상해없음,자전거,남,21-30세,경상
2023146674,2023년 10월,주간,경상남도 양산시,중상사고,0,1,0,0,차대차 - 충돌,안전거리미확보,건조,맑음,단일로 - 기타,승용,남,41-50세,상해없음,이륜,남,31-40세,중상
2023146817,2023년 10월,야간,경상남도 양산시,부상신고사고,0,0,0,1,차대차 - 충돌,안전거리미확보,건조,맑음,교차로 - 교차로안,승용,남,51-60세,상해없음,이륜,남,31-40세,부상신고
2023147014,2023년 10월,주간,경상남도 양산시,중상사고,0,2,0,0,차대사람 - 기타,안전운전불이행,건조,맑음,기타 - 기타,자전거,남,20세 이하,중상,보행자,여,12세 이하,중상
2023147138,2023년 10월,주간,경상남도 양산시,경상사고,0,0,1,0,차대차 - 추돌,안전거리미확보,건조,맑음,교차로 - 교차로부근,화물,남,21-30세,상해없음,승용,남,51-60세,경상
2023147339,2023년 10월,주간,경상남도 양산시,경상사고,0,0,1,0,차대사람 - 차도통행중,안전운전불이행,건조,맑음,교차로 - 교차로안,화물,남,61-64세,상해없음,보행자,여,31-40세,경상
2023147408,2023년 10월,주간,경상남도 양산시,중상사고,0,1,0,0,차대차 - 충돌,안전운전불이행,건조,맑음,교차로 - 교차로부근,자전거,남,65세 이상,중상,승용,여,65세 이상,상해없음
2023147443,2023년 10월,주간,경상남도 양산시,경상사고,0,0,2,0,차대차 - 추돌,안전운전불이행,건조,맑음,단일로 - 기타,승용,여,65세 이상,상해없음,승용,여,31-40세,경상
2023147694,2023년 10월,야간,경상남도 양산시,경상사고,0,0,1,0,차대차 - 기타,안전운전불이행,건조,맑음,교차로 - 교차로안,승용,여,21-30세,상해없음,승용,남,31-40세,경상
2023148017,2023년 10월,주간,경상남도 양산시,중상사고,0,1,0,0,차대차 - 충돌,교차로운행방법위반,건조,맑음,교차로 - 교차로안,승용,남,61-64세,상해없음,자전거,남,41-50세,중상
2023148197,2023년 10월,주간,경상남도 양산시,중상사고,0,1,1,0,차대차 - 충돌,신호위반,건조,맑음,교차로 - 교차로안,승용,여,51-60세,중상,승용,남,41-50세,경상
2023148235,2023년 10월,야간,경상남도 양산시,경상사고,0,0,1,0,차대차 - 충돌,안전거리미확보,건조,맑음,단일로 - 기타,승용,여,41-50세,상해없음,승용,남,31-40세,경상
2023148291,2023년 10월,야간,경상남도 양산시,부상신고사고,0,0,0,1,차대사람 - 횡단중,안전운전불이행,건조,맑음,단일로 - 기타,승합,남,41-50세,상해없음,보행자,남,41-50세,부상신고
2023148292,2023년 10월,야간,경상남도 양산시,경상사고,0,0,1,0,차대차 - 충돌,신호위반,건조,맑음,교차로 - 교차로안,이륜,남,21-30세,상해없음,이륜,남,31-40세,경상
2023148339,2023년 10월,야간,경상남도 양산시,경상사고,0,0,2,0,차대차 - 추돌,안전운전불이행,건조,맑음,교차로 - 교차로부근,승용,남,51-60세,상해없음,승용,여,41-50세,경상
2023148469,2023년 10월,주간,경상남도 양산시,경상사고,0,0,1,0,차대사람 - 횡단중,신호위반,건조,맑음,교차로 - 교차로부근,화물,남,31-40세,상해없음,보행자,남,12세 이하,경상
2023148658,2023년 10월,주간,경상남도 양산시,경상사고,0,0,1,0,차대차 - 충돌,안전운전불이행,건조,맑음,단일로 - 기타,화물,남,51-60세,상해없음,이륜,남,21-30세,경상
2023148996,2023년 10월,야간,경상남도 양산시,중상사고,0,2,0,0,차대차 - 기타,안전운전불이행,건조,맑음,단일로 - 기타,화물,남,51-60세,상해없음,승용,여,51-60세,중상
2023149571,2023년 10월,주간,경상남도 양산시,중상사고,0,1,0,0,차대사람 - 횡단중,신호위반,건조,맑음,교차로 - 교차로횡단보도내,이륜,남,51-60세,상해없음,보행자,여,41-50세,중상
2023149668,2023년 10월,주간,경상남도 양산시,경상사고,0,0,1,0,차대차 - 충돌,교차로운행방법위반,건조,맑음,교차로 - 교차로안,승용,여,65세 이상,상해없음,승용,남,41-50세,경상
2023150302,2023년 10월,주간,경상남도 양산시,경상사고,0,0,1,0,차대사람 - 횡단중,보행자보호의무위반,건조,맑음,교차로 - 교차로안,승용,여,65세 이상,상해없음,보행자,여,31-40세,경상
2023150501,2023년 10월,주간,경상남도 양산시,경상사고,0,0,1,0,차대차 - 추돌,안전운전불이행,건조,맑음,단일로 - 기타,승용,남,61-64세,상해없음,승용,남,65세 이상,경상
2023151434,2023년 10월,야간,경상남도 양산시,경상사고,0,0,1,1,차대차 - 충돌,안전운전불이행,건조,맑음,교차로 - 교차로안,승용,남,31-40세,부상신고,화물,남,51-60세,상해없음
2023151513,2023년 10월,야간,경상남도 양산시,중상사고,0,1,4,0,차대차 - 충돌,신호위반,건조,맑음,교차로 - 교차로안,승용,여,31-40세,경상,승용,남,31-40세,경상
2023151618,2023년 10월,주간,경상남도 양산시,부상신고사고,0,0,0,1,차량단독 - 전도전복,안전운전불이행,건조,맑음,단일로 - 기타,원동기,남,41-50세,부상신고,,,,
2023151871,2023년 10월,주간,경상남도 양산시,경상사고,0,0,1,0,차대차 - 충돌,기타,건조,맑음,교차로 - 교차로안,승용,여,41-50세,상해없음,승용,여,41-50세,경상
2023152173,2023년 10월,야간,경상남도 양산시,사망사고,1,0,1,0,차량단독 - 충돌,안전운전불이행,건조,맑음,단일로 - 기타,이륜,남,21-30세,사망,,,,
2023152236,2023년 10월,주간,경상남도 양산시,경상사고,0,0,2,0,차대차 - 충돌,교차로운행방법위반,건조,맑음,교차로 - 교차로안,승용,여,61-64세,경상,이륜,남,41-50세,경상
2023152434,2023년 10월,주간,경상남도 양산시,경상사고,0,0,1,0,차대사람 - 기타,안전운전불이행,건조,맑음,기타 - 기타,승용,여,65세 이상,상해없음,보행자,여,51-60세,경상
2023152578,2023년 10월,주간,경상남도 양산시,중상사고,0,1,0,0,차대차 - 기타,교차로운행방법위반,건조,맑음,교차로 - 교차로안,승용,여,31-40세,상해없음,이륜,남,41-50세,중상
2023152743,2023년 10월,야간,경상남도 양산시,경상사고,0,0,1,0,차대차 - 기타,안전운전불이행,건조,맑음,교차로 - 교차로안,승용,여,51-60세,상해없음,이륜,남,21-30세,경상
2023152843,2023년 10월,야간,경상남도 양산시,부상신고사고,0,0,0,1,차대차 - 기타,안전운전불이행,건조,맑음,단일로 - 기타,이륜,여,21-30세,기타불명,승용,남,65세 이상,부상신고
2023152864,2023년 10월,야간,경상남도 양산시,중상사고,0,1,0,0,차량단독 - 전도전복,안전운전불이행,건조,맑음,단일로 - 기타,개인형이동수단(PM),남,51-60세,중상,,,,
2023152873,2023년 10월,야간,경상남도 양산시,경상사고,0,0,1,0,차대차 - 충돌,안전운전불이행,건조,맑음,단일로 - 기타,화물,남,65세 이상,상해없음,화물,남,51-60세,경상
2023152893,2023년 10월,주간,경상남도 양산시,경상사고,0,0,1,0,차대차 - 기타,신호위반,건조,맑음,교차로 - 교차로안,승용,여,65세 이상,기타불명,자전거,남,21-30세,경상
2023152908,2023년 10월,주간,경상남도 양산시,부상신고사고,0,0,0,1,차대차 - 충돌,안전운전불이행,건조,맑음,기타 - 기타,승용,남,65세 이상,부상신고,승용,남,65세 이상,기타불명
2023153127,2023년 10월,주간,경상남도 양산시,경상사고,0,0,1,0,차대차 - 충돌,안전운전불이행,건조,맑음,단일로 - 기타,승용,남,41-50세,상해없음,원동기,남,41-50세,경상
2023153366,2023년 10월,야간,경상남도 양산시,사망사고,1,0,0,0,차량단독 - 충돌,안전운전불이행,건조,맑음,단일로 - 기타,승용,남,41-50세,사망,,,,
2023153502,2023년 10월,주간,경상남도 양산시,경상사고,0,0,1,0,차대차 - 충돌,안전운전불이행,건조,맑음,단일로 - 기타,자전거,남,51-60세,상해없음,자전거,남,41-50세,경상
2023153519,2023년 10월,주간,경상남도 양산시,사망사고,1,0,0,0,차대사람 - 기타,중앙선침범,건조,맑음,단일로 - 기타,승용,여,65세 이상,상해없음,보행자,남,41-50세,사망
2023153858,2023년 10월,주간,경상남도 양산시,중상사고,0,1,0,0,차대차 - 충돌,교차로운행방법위반,건조,맑음,교차로 - 교차로안,화물,남,51-60세,상해없음,자전거,남,65세 이상,중상
2023153964,2023년 10월,주간,경상남도 양산시,부상신고사고,0,0,0,1,차대사람 - 횡단중,안전운전불이행,건조,맑음,교차로 - 교차로안,승용,남,65세 이상,상해없음,보행자,여,65세 이상,부상신고
2023154295,2023년 10월,야간,경상남도 양산시,경상사고,0,0,1,0,차대차 - 충돌,신호위반,건조,맑음,교차로 - 교차로안,화물,남,31-40세,상해없음,승용,여,31-40세,경상
2023154331,2023년 10월,야간,경상남도 양산시,경상사고,0,0,1,0,차대차 - 충돌,안전운전불이행,건조,맑음,교차로 - 교차로안,승용,남,51-60세,상해없음,승용,여,41-50세,경상
2023154382,2023년 10월,야간,경상남도 양산시,경상사고,0,0,1,0,차대차 - 추돌,기타,건조,맑음,단일로 - 기타,승용,남,21-30세,상해없음,승용,여,31-40세,경상
2023154560,2023년 10월,주간,경상남도 양산시,중상사고,0,1,0,0,차량단독 - 도로외이탈 - 추락,안전거리미확보,건조,맑음,단일로 - 기타,화물,남,51-60세,중상,,,,
2023155003,2023년 10월,야간,경상남도 양산시,경상사고,0,0,1,0,차대차 - 추돌,안전운전불이행,건조,맑음,교차로 - 교차로안,승용,남,41-50세,상해없음,승용,여,61-64세,경상
2023155056,2023년 10월,야간,경상남도 양산시,중상사고,0,1,0,0,차대차 - 기타,안전거리미확보,건조,맑음,교차로 - 교차로횡단보도내,자전거,남,41-50세,중상,승용,여,41-50세,상해없음
2023155076,2023년 10월,야간,경상남도 양산시,중상사고,0,1,0,0,차량단독 - 기타,안전운전불이행,건조,맑음,단일로 - 기타,개인형이동수단(PM),남,61-64세,중상,,,,
2023155604,2023년 10월,야간,경상남도 양산시,경상사고,0,0,1,0,차대차 - 충돌,안전운전불이행,건조,맑음,교차로 - 교차로안,승용,여,21-30세,상해없음,개인형이동수단(PM),여,21-30세,경상
2023155605,2023년 10월,야간,경상남도 양산시,경상사고,0,0,1,0,차대차 - 기타,신호위반,건조,맑음,교차로 - 교차로안,승용,여,51-60세,상해없음,승용,남,51-60세,경상
2023155765,2023년 10월,주간,경상남도 양산시,중상사고,0,1,0,0,차대차 - 충돌,신호위반,건조,맑음,교차로 - 교차로횡단보도내,자전거,남,31-40세,중상,승용,여,65세 이상,상해없음
2023156083,2023년 10월,주간,경상남도 양산시,경상사고,0,0,2,0,차대차 - 추돌,안전운전불이행,건조,맑음,단일로 - 터널,승용,남,61-64세,상해없음,화물,남,31-40세,경상
2023156126,2023년 10월,야간,경상남도 양산시,경상사고,0,0,1,0,차대사람 - 횡단중,보행자보호의무위반,건조,맑음,교차로 - 교차로횡단보도내,화물,남,41-50세,상해없음,보행자,남,51-60세,경상