구분번호,발생년월,주야,시군구,사고내용,사망자수,중상자수,경상자수,부상신고자수,사고유형,법규위반,노면상태,기상상태,도로형태,가해운전자 차종,가해운전자 성별,가해운전자 연령대,가해운전자 상해정도,피해운전자 차종,피해운전자 성별,피해운전자 연령대,피해운전자 상해정도
2023177695,2023년 11월,야간,경상남도 양산시,경상사고,0,0,1,0,차대차 - 충돌,중앙선침범,건조,맑음,단일로 - 기타,승용,남,41-50세,상해없음,이륜,남,21-30세,경상
2023177781,2023년 11월,야간,경상남도 양산시,경상사고,0,0,1,0,차대사람 - 횡단중,보행자보호의무위반,건조,맑음,단일로 - 기타,승용,남,41-50세,상해없음,보행자,여,41-50세,경상
2023177989,2023년 11월,주간,경상남도 양산시,중상사고,0,1,0,0,차대차 - 충돌,안전운전불이행,건조,맑음,교차로 - 교차로안,승용,남,41-50세,상해없음,이륜,남,31-40세,중상
2023178079,2023년 11월,주간,경상남도 양산시,경상사고,0,0,1,0,차대차 - 충돌,안전운전불이행,건조,맑음,교차로 - 교차로안,승용,남,65세 이상,상해없음,승용,남,41-50세,경상
2023178327,2023년 11월,야간,경상남도 양산시,중상사고,0,1,0,0,차대차 - 충돌,교차로운행방법위반,건조,맑음,교차로 - 교차로안,승용,남,51-60세,상해없음,이륜,남,31-40세,중상
2023178570,2023년 11월,주간,경상남도 양산시,경상사고,0,0,5,0,차대차 - 충돌,기타,건조,맑음,교차로 - 교차로안,승용,남,61-64세,상해없음,승용,남,41-50세,경상
2023178869,2023년 11월,주간,경상남도 양산시,부상신고사고,0,0,0,1,차대차 - 충돌,기타,건조,맑음,교차로 - 교차로안,승용,여,61-64세,상해없음,승용,남,41-50세,부상신고
2023179023,2023년 11월,주간,경상남도 양산시,경상사고,0,0,1,0,차대차 - 기타,안전운전불이행,건조,맑음,교차로 - 교차로안,원동기,남,20세 이하,기타불명,승용,여,61-64세,경상
2023179172,2023년 11월,주간,경상남도 양산시,경상사고,0,0,1,0,차대차 - 충돌,교차로운행방법위반,건조,맑음,교차로 - 교차로안,승용,여,51-60세,상해없음,승용,남,31-40세,경상
2023179561,2023년 11월,주간,경상남도 양산시,경상사고,0,0,1,0,차대차 - 충돌,신호위반,건조,맑음,교차로 - 교차로안,승합,남,65세 이상,기타불명,화물,남,51-60세,경상
2023179815,2023년 11월,야간,경상남도 양산시,중상사고,0,1,0,0,차대차 - 충돌,안전운전불이행,건조,맑음,기타 - 기타,승용,여,41-50세,상해없음,이륜,남,13-20세,중상
2023180090,2023년 11월,주간,경상남도 양산시,경상사고,0,0,1,0,차대차 - 추돌,신호위반,건조,맑음,교차로 - 교차로안,승용,여,21-30세,상해없음,승용,남,21-30세,경상
2023180091,2023년 11월,주간,경상남도 양산시,중상사고,0,2,0,0,차대사람 - 기타,안전운전불이행,건조,맑음,단일로 - 기타,승용,남,65세 이상,상해없음,보행자,여,65세 이상,중상
2023180140,2023년 11월,주간,경상남도 양산시,중상사고,0,1,1,0,차대차 - 추돌,안전운전불이행,건조,맑음,교차로 - 교차로부근,승용,남,31-40세,상해없음,화물,남,61-64세,경상
2023180294,2023년 11월,주간,경상남도 양산시,중상사고,0,1,0,0,차대차 - 충돌,신호위반,건조,맑음,단일로 - 기타,화물,남,65세 이상,상해없음,승용,남,21-30세,중상
2023180295,2023년 11월,주간,경상남도 양산시,경상사고,0,0,1,0,차대차 - 추돌,안전거리미확보,건조,맑음,단일로 - 기타,승용,남,31-40세,상해없음,승용,남,61-64세,경상
2023180360,2023년 11월,야간,경상남도 양산시,경상사고,0,0,1,0,차대차 - 기타,안전거리미확보,건조,맑음,단일로 - 기타,승용,남,65세 이상,상해없음,승합,남,61-64세,상해없음
2023180723,2023년 11월,주간,경상남도 양산시,경상사고,0,0,1,0,차대차 - 충돌,신호위반,건조,맑음,단일로 - 기타,승용,여,51-60세,상해없음,이륜,남,61-64세,경상
2023181145,2023년 12월,주간,경상남도 양산시,경상사고,0,0,1,0,차대차 - 충돌,기타,건조,맑음,단일로 - 교량,화물,남,61-64세,상해없음,승용,남,31-40세,경상
2023181457,2023년 12월,주간,경상남도 양산시,경상사고,0,0,1,0,차대차 - 추돌,안전거리미확보,건조,맑음,단일로 - 터널,승용,남,65세 이상,상해없음,화물,남,61-64세,경상
2023181458,2023년 12월,주간,경상남도 양산시,경상사고,0,0,1,0,차대차 - 충돌,중앙선침범,건조,맑음,단일로 - 기타,승용,여,51-60세,기타불명,승용,여,41-50세,경상
2023181501,2023년 12월,주간,경상남도 양산시,경상사고,0,0,1,0,차대차 - 추돌,안전운전불이행,건조,맑음,단일로 - 터널,승합,남,31-40세,상해없음,화물,남,41-50세,경상
2023181607,2023년 12월,야간,경상남도 양산시,중상사고,0,2,1,0,차대차 - 충돌,중앙선침범,건조,맑음,단일로 - 기타,승용,남,21-30세,상해없음,승용,남,51-60세,중상
2023181640,2023년 12월,야간,경상남도 양산시,부상신고사고,0,0,0,1,차대차 - 기타,안전운전불이행,건조,맑음,단일로 - 기타,승용,남,41-50세,상해없음,이륜,남,21-30세,부상신고
2023181752,2023년 12월,야간,경상남도 양산시,경상사고,0,0,1,0,차대차 - 추돌,안전운전불이행,건조,맑음,교차로 - 교차로안,화물,남,65세 이상,상해없음,승용,남,61-64세,경상
2023181907,2023년 12월,주간,경상남도 양산시,중상사고,0,1,0,0,차대차 - 충돌,안전운전불이행,건조,맑음,단일로 - 기타,건설기계,남,51-60세,상해없음,이륜,남,21-30세,중상
2023181946,2023년 12월,주간,경상남도 양산시,경상사고,0,0,2,0,차대차 - 기타,중앙선침범,건조,맑음,교차로 - 교차로안,자전거,남,41-50세,경상,이륜,남,51-60세,경상
2023182027,2023년 12월,주간,경상남도 양산시,경상사고,0,0,1,0,차대사람 - 횡단중,중앙선침범,건조,맑음,단일로 - 기타,이륜,남,21-30세,상해없음,보행자,여,51-60세,경상
2023182722,2023년 12월,주간,경상남도 양산시,중상사고,0,1,0,0,차대사람 - 횡단중,신호위반,건조,맑음,교차로 - 교차로안,승용,남,51-60세,상해없음,보행자,남,51-60세,중상
2023182788,2023년 12월,주간,경상남도 양산시,부상신고사고,0,0,0,1,차대차 - 충돌,안전운전불이행,건조,맑음,단일로 - 기타,화물,남,65세 이상,부상신고,승용,남,41-50세,상해없음
2023182912,2023년 12월,주간,경상남도 양산시,경상사고,0,0,1,0,차대차 - 충돌,안전거리미확보,건조,맑음,단일로 - 기타,승용,여,41-50세,상해없음,이륜,남,21-30세,경상
2023183081,2023년 12월,주간,경상남도 양산시,경상사고,0,0,1,0,차대차 - 충돌,기타,건조,맑음,교차로 - 교차로안,승용,여,51-60세,상해없음,이륜,남,61-64세,경상
2023183247,2023년 12월,야간,경상남도 양산시,사망사고,1,0,0,0,차대사람 - 차도통행중,안전운전불이행,건조,맑음,단일로 - 기타,승합,남,31-40세,상해없음,보행자,여,51-60세,사망
2023183422,2023년 12월,주간,경상남도 양산시,중상사고,0,1,0,0,차대사람 - 기타,안전운전불이행,건조,맑음,단일로 - 기타,승용,남,65세 이상,상해없음,보행자,여,21-30세,중상
2023183643,2023년 12월,주간,경상남도 양산시,중상사고,0,1,0,0,차대사람 - 차도통행중,안전운전불이행,건조,맑음,단일로 - 기타,승용,남,65세 이상,상해없음,보행자,여,51-60세,중상
2023183802,2023년 12월,야간,경상남도 양산시,경상사고,0,0,1,0,차대차 - 기타,교차로운행방법위반,건조,맑음,교차로 - 교차로안,승용,남,31-40세,상해없음,이륜,남,51-60세,경상
2023184053,2023년 12월,주간,경상남도 양산시,중상사고,0,1,0,0,차대사람 - 차도통행중,안전운전불이행,건조,맑음,단일로 - 기타,승용,남,65세 이상,상해없음,보행자,여,65세 이상,중상
2023184307,2023년 12월,야간,경상남도 양산시,경상사고,0,0,1,0,차대차 - 충돌,안전거리미확보,건조,맑음,교차로 - 교차로부근,승용,남,21-30세,상해없음,이륜,남,31-40세,경상
2023184481,2023년 12월,주간,경상남도 양산시,경상사고,0,0,1,0,차대차 - 충돌,신호위반,건조,맑음,교차로 - 교차로안,화물,남,65세 이상,상해없음,화물,남,61-64세,경상
2023184599,2023년 12월,주간,경상남도 양산시,경상사고,0,0,1,0,차대차 - 충돌,안전운전불이행,건조,맑음,교차로 - 교차로횡단보도내,자전거,남,65세 이상,경상,승용,남,65세 이상,상해없음
2023184692,2023년 12월,주간,경상남도 양산시,경상사고,0,0,1,0,차대차 - 기타,안전거리미확보,건조,맑음,단일로 - 기타,승용,남,65세 이상,상해없음,승용,남,61-64세,상해없음
2023184779,2023년 12월,주간,경상남도 양산시,경상사고,0,0,1,0,차대차 - 기타,교차로운행방법위반,건조,맑음,단일로 - 기타,승용,남,51-60세,기타불명,승합,남,51-60세,경상
2023185019,2023년 12월,야간,경상남도 양산시,경상사고,0,0,1,0,차대차 - 충돌,안전운전불이행,건조,맑음,교차로 - 교차로부근,승용,남,51-60세,상해없음,승용,여,41-50세,경상
2023185780,2023년 12월,주간,경상남도 양산시,경상사고,0,0,4,0,차대차 - 추돌,안전운전불이행,건조,맑음,단일로 - 기타,승용,여,21-30세,경상,승용,남,31-40세,상해없음
2023185809,2023년 12월,주간,경상남도 양산시,중상사고,0,1,0,0,차대차 - 충돌,안전운전불이행,건조,맑음,교차로 - 교차로안,승용,남,61-64세,상해없음,화물,남,41-50세,기타불명
2023185909,2023년 12월,주간,경상남도 양산시,경상사고,0,0,2,0,차대차 - 추돌,안전운전불이행,건조,맑음,교차로 - 교차로부근,화물,남,31-40세,상해없음,승용,남,65세 이상,경상
2023186280,2023년 12월,주간,경상남도 양산시,경상사고,0,0,1,0,차대차 - 충돌,안전운전불이행,건조,맑음,단일로 - 기타,자전거,남,65세 이상,경상,승용,남,51-60세,상해없음
2023186374,2023년 12월,주간,경상남도 양산시,경상사고,0,0,1,0,차대차 - 기타,안전거리미확보,건조,맑음,단일로 - 기타,승용,남,61-64세,상해없음,승용,남,31-40세,경상
2023186391,2023년 12월,주간,경상남도 양산시,경상사고,0,0,1,0,차대차 - 충돌,안전운전불이행,건조,맑음,단일로 - 기타,승용,남,51-60세,상해없음,화물,남,51-60세,경상
2023186630,2023년 12월,주간,경상남도 양산시,경상사고,0,0,1,0,차대차 - 충돌,안전운전불이행,젖음/습기,비,교차로 - 교차로안,화물,남,65세 이상,상해없음,승용,남,61-64세,경상
2023186663,2023년 12월,주간,경상남도 양산시,중상사고,0,1,0,0,차대사람 - 차도통행중,안전운전불이행,젖음/습기,비,단일로 - 기타,승용,남,51-60세,상해없음,보행자,여,65세 이상,중상
2023186782,2023년 12월,주간,경상남도 양산시,경상사고,0,0,1,0,차대차 - 충돌,안전거리미확보,건조,맑음,교차로 - 교차로부근,승용,남,65세 이상,상해없음,승용,남,13-20세,경상
2023186817,2023년 12월,주간,경상남도 양산시,경상사고,0,0,2,0,차대차 - 충돌,교차로운행방법위반,젖음/습기,비,교차로 - 교차로안,승용,여,61-64세,상해없음,승용,여,51-60세,경상
2023186925,2023년 12월,주간,경상남도 양산시,경상사고,0,0,1,0,차대차 - 추돌,안전운전불이행,젖음/습기,비,단일로 - 교량,승용,남,51-60세,상해없음,승용,여,51-60세,경상
2023187087,2023년 12월,야간,경상남도 양산시,경상사고,0,0,1,0,차대차 - 충돌,안전거리미확보,젖음/습기,비,교차로 - 교차로안,승용,남,41-50세,상해없음,이륜,남,21-30세,경상
2023187157,2023년 12월,야간,경상남도 양산시,부상신고사고,0,0,0,1,차대사람 - 횡단중,신호위반,젖음/습기,비,교차로 - 교차로안,승용,여,21-30세,상해없음,보행자,여,13-20세,부상신고
2023187158,2023년 12월,야간,경상남도 양산시,경상사고,0,0,1,0,차대차 - 충돌,안전운전불이행,젖음/습기,비,교차로 - 교차로부근,승용,남,51-60세,상해없음,승용,남,31-40세,경상
2023187191,2023년 12월,야간,경상남도 양산시,경상사고,0,0,1,0,차대차 - 추돌,안전거리미확보,젖음/습기,비,교차로 - 교차로부근,승용,남,61-64세,상해없음,원동기,남,51-60세,경상
2023187566,2023년 12월,주간,경상남도 양산시,경상사고,0,0,1,0,차대사람 - 횡단중,신호위반,젖음/습기,비,교차로 - 교차로안,승용,여,31-40세,상해없음,보행자,여,12세 이하,경상
2023187756,2023년 12월,야간,경상남도 양산시,경상사고,0,0,1,0,차대차 - 충돌,안전운전불이행,건조,맑음,교차로 - 교차로안,승용,여,51-60세,상해없음,화물,남,65세 이상,경상
2023187911,2023년 12월,야간,경상남도 양산시,중상사고,0,1,1,0,차대차 - 추돌,안전운전불이행,건조,맑음,교차로 - 교차로부근,화물,남,51-60세,상해없음,승용,남,51-60세,경상
2023188257,2023년 12월,주간,경상남도 양산시,경상사고,0,0,1,0,차대차 - 충돌,신호위반,건조,맑음,교차로 - 교차로안,승용,여,51-60세,상해없음,이륜,남,51-60세,경상
2023188390,2023년 12월,야간,경상남도 양산시,부상신고사고,0,0,0,1,차대차 - 추돌,안전운전불이행,건조,맑음,단일로 - 기타,이륜,남,41-50세,부상신고,승용,남,51-60세,상해없음
2023188460,2023년 12월,야간,경상남도 양산시,경상사고,0,0,2,0,차대차 - 충돌,신호위반,건조,맑음,교차로 - 교차로안,승용,여,21-30세,상해없음,승용,남,31-40세,경상
2023188490,2023년 12월,주간,경상남도 양산시,경상사고,0,0,2,0,차대차 - 충돌,안전거리미확보,건조,맑음,단일로 - 기타,화물,남,65세 이상,상해없음,승용,남,41-50세,경상
2023188660,2023년 12월,주간,경상남도 양산시,중상사고,0,1,0,0,차대사람 - 횡단중,안전운전불이행,젖음/습기,비,교차로 - 교차로안,승용,남,65세 이상,상해없음,보행자,여,31-40세,중상
2023188661,2023년 12월,주간,경상남도 양산시,경상사고,0,0,1,0,차대차 - 충돌,신호위반,젖음/습기,비,교차로 - 교차로안,승용,남,65세 이상,상해없음,화물,남,31-40세,경상
2023188754,2023년 12월,주간,경상남도 양산시,중상사고,0,1,0,0,차대사람 - 횡단중,안전운전불이행,젖음/습기,비,단일로 - 기타,승용,여,31-40세,상해없음,보행자,여,61-64세,중상
2023188891,2023년 12월,야간,경상남도 양산시,경상사고,0,0,1,0,차대차 - 충돌,교차로운행방법위반,젖음/습기,맑음,교차로 - 교차로안,승용,남,21-30세,상해없음,이륜,남,51-60세,경상
2023188957,2023년 12월,야간,경상남도 양산시,경상사고,0,0,2,0,차대차 - 추돌,안전운전불이행,젖음/습기,비,교차로 - 교차로부근,승합,남,65세 이상,상해없음,승용,여,31-40세,경상
2023189008,2023년 12월,야간,경상남도 양산시,경상사고,0,0,1,0,차대사람 - 횡단중,보행자보호의무위반,젖음/습기,비,교차로 - 교차로횡단보도내,승용,여,51-60세,상해없음,보행자,남,31-40세,경상
2023189306,2023년 12월,주간,경상남도 양산시,경상사고,0,0,1,0,차대차 - 충돌,중앙선침범,젖음/습기,비,교차로 - 교차로부근,승용,남,51-60세,상해없음,승용,남,41-50세,경상
2023189341,2023년 12월,주간,경상남도 양산시,중상사고,0,1,1,0,차대차 - 충돌,안전운전불이행,건조,맑음,교차로 - 교차로안,승용,여,21-30세,상해없음,승합,남,41-50세,경상
2023189398,2023년 12월,주간,경상남도 양산시,경상사고,0,0,1,0,차대차 - 충돌,신호위반,건조,맑음,단일로 - 기타,승용,남,65세 이상,상해없음,승용,여,21-30세,경상
2023189482,2023년 12월,주간,경상남도 양산시,경상사고,0,0,1,0,차대차 - 충돌,중앙선침범,젖음/습기,비,단일로 - 기타,승용,남,61-64세,상해없음,승용,여,31-40세,경상
2023189960,2023년 12월,주간,경상남도 양산시,중상사고,0,1,0,0,차대차 - 기타,안전운전불이행,건조,맑음,단일로 - 기타,승용,남,65세 이상,상해없음,화물,남,65세 이상,기타불명
2023190095,2023년 12월,주간,경상남도 양산시,경상사고,0,0,1,0,차대사람 - 차도통행중,안전운전불이행,건조,맑음,단일로 - 기타,화물,남,65세 이상,상해없음,보행자,남,61-64세,경상
2023190666,2023년 12월,주간,경상남도 양산시,경상사고,0,0,2,0,차대차 - 기타,안전거리미확보,건조,맑음,단일로 - 기타,승용,여,21-30세,상해없음,화물,남,31-40세,경상
2023190877,2023년 12월,주간,경상남도 양산시,중상사고,0,1,2,0,차대차 - 기타,기타,건조,맑음,교차로 - 교차로안,승용,남,31-40세,경상,화물,남,65세 이상,경상
2023190878,2023년 12월,주간,경상남도 양산시,중상사고,0,1,0,0,차대차 - 충돌,중앙선침범,건조,맑음,단일로 - 기타,화물,여,65세 이상,상해없음,승용,남,31-40세,중상
2023190994,2023년 12월,주간,경상남도 양산시,경상사고,0,0,1,0,차대사람 - 횡단중,보행자보호의무위반,건조,맑음,교차로 - 교차로횡단보도내,승용,여,41-50세,상해없음,보행자,여,51-60세,경상
2023191361,2023년 12월,야간,경상남도 양산시,중상사고,0,1,1,0,차대사람 - 차도통행중,안전운전불이행,건조,맑음,단일로 - 기타,승용,남,31-40세,경상,보행자,남,21-30세,중상
2023191476,2023년 12월,주간,경상남도 양산시,중상사고,0,1,1,0,차대차 - 추돌,안전운전불이행,건조,맑음,교차로 - 교차로안,승용,남,51-60세,상해없음,승용,남,31-40세,경상
2023191685,2023년 12월,주간,경상남도 양산시,경상사고,0,0,3,0,차대차 - 추돌,안전운전불이행,건조,맑음,단일로 - 기타,승용,남,65세 이상,상해없음,승용,남,13-20세,경상
2023191945,2023년 12월,주간,경상남도 양산시,경상사고,0,0,1,0,차대차 - 충돌,안전운전불이행,건조,맑음,교차로 - 교차로안,화물,남,41-50세,상해없음,승용,남,21-30세,경상
2023192102,2023년 12월,주간,경상남도 양산시,경상사고,0,0,1,0,차대사람 - 보도통행중,안전운전불이행,건조,맑음,기타 - 기타,화물,남,51-60세,상해없음,보행자,여,21-30세,경상
2023192231,2023년 12월,야간,경상남도 양산시,경상사고,0,0,1,0,차대차 - 충돌,안전운전불이행,건조,맑음,교차로 - 교차로안,승용,남,31-40세,상해없음,승용,여,31-40세,경상
2023192529,2023년 12월,주간,경상남도 양산시,경상사고,0,0,1,0,차대차 - 충돌,안전운전불이행,건조,맑음,단일로 - 기타,승용,남,65세 이상,상해없음,이륜,남,31-40세,경상
2023192760,2023년 12월,주간,경상남도 양산시,경상사고,0,0,1,0,차대차 - 기타,기타,건조,맑음,교차로 - 교차로안,승용,남,65세 이상,상해없음,승용,남,41-50세,경상
2023192809,2023년 12월,주간,경상남도 양산시,경상사고,0,0,1,0,차량단독 - 기타,안전운전불이행,건조,맑음,교차로 - 교차로안,승용,남,51-60세,상해없음,,,,
2023193109,2023년 12월,주간,경상남도 양산시,부상신고사고,0,0,0,1,차대차 - 충돌,안전운전불이행,건조,맑음,교차로 - 교차로안,승용,남,51-60세,상해없음,승용,여,31-40세,부상신고
2023193140,2023년 12월,주간,경상남도 양산시,경상사고,0,0,2,0,차대차 - 추돌,안전거리미확보,건조,맑음,단일로 - 기타,화물,남,21-30세,상해없음,승용,여,41-50세,경상
2023193243,2023년 12월,주간,경상남도 양산시,경상사고,0,0,1,0,차대차 - 추돌,안전운전불이행,건조,맑음,단일로 - 기타,승용,남,61-64세,상해없음,화물,남,41-50세,경상
2023193509,2023년 12월,주간,경상남도 양산시,중상사고,0,1,0,0,차대차 - 충돌,중앙선침범,건조,맑음,단일로 - 기타,승용,남,65세 이상,상해없음,이륜,남,51-60세,중상
2023193817,2023년 12월,야간,경상남도 양산시,중상사고,0,1,0,0,차대차 - 충돌,안전운전불이행,건조,맑음,교차로 - 교차로부근,승용,남,41-50세,상해없음,이륜,남,21-30세,중상
2023193934,2023년 12월,주간,경상남도 양산시,중상사고,0,1,0,0,차대사람 - 횡단중,안전운전불이행,건조,맑음,교차로 - 교차로안,이륜,남,21-30세,상해없음,보행자,여,21-30세,중상
2023194001,2023년 12월,주간,경상남도 양산시,경상사고,0,0,2,0,차대차 - 충돌,신호위반,건조,맑음,교차로 - 교차로안,승용,남,41-50세,상해없음,승용,남,65세 이상,경상
2023194267,2023년 12월,야간,경상남도 양산시,부상신고사고,0,0,0,3,차대차 - 충돌,안전운전불이행,건조,맑음,교차로 - 교차로안,이륜,남,21-30세,부상신고,승용,여,41-50세,부상신고
2023194860,2023년 12월,주간,경상남도 양산시,경상사고,0,0,1,0,차대차 - 충돌,신호위반,건조,맑음,교차로 - 교차로안,원동기,남,21-30세,상해없음,승용,남,41-50세,경상
2023194963,2023년 12월,주간,경상남도 양산시,경상사고,0,0,1,0,차대차 - 기타,기타,건조,맑음,단일로 - 기타,승용,남,31-40세,상해없음,원동기,남,51-60세,경상
2023195096,2023년 12월,야간,경상남도 양산시,중상사고,0,1,0,0,차량단독 - 충돌,안전운전불이행,건조,맑음,교차로 - 교차로부근,승용,남,21-30세,상해없음,,,,
2023195207,2023년 12월,주간,경상남도 양산시,중상사고,0,1,0,0,차량단독 - 기타,기타,건조,맑음,단일로 - 기타,기타불명,기타불명,기타불명,기타불명,,,,
2023195257,2023년 12월,주간,경상남도 양산시,중상사고,0,1,0,0,차량단독 - 전도전복,안전운전불이행,건조,맑음,단일로 - 기타,이륜,남,41-50세,중상,,,,
2023195392,2023년 12월,주간,경상남도 양산시,경상사고,0,0,1,0,차대차 - 기타,신호위반,건조,맑음,교차로 - 교차로안,이륜,남,20세 이하,상해없음,승용,남,41-50세,경상
2023195432,2023년 12월,주간,경상남도 양산시,경상사고,0,0,2,0,차대차 - 충돌,신호위반,건조,맑음,교차로 - 교차로안,화물,남,65세 이상,상해없음,승용,여,31-40세,경상
2023195660,2023년 12월,야간,경상남도 양산시,경상사고,0,0,1,0,차대차 - 추돌,안전운전불이행,건조,맑음,교차로 - 교차로안,승용,남,51-60세,상해없음,승용,남,61-64세,상해없음
2023195685,2023년 12월,야간,경상남도 양산시,중상사고,0,1,0,0,차량단독 - 전도전복,안전운전불이행,건조,맑음,단일로 - 기타,이륜,남,41-50세,중상,,,,
2023195773,2023년 12월,주간,경상남도 양산시,경상사고,0,0,1,0,차대차 - 기타,안전거리미확보,건조,맑음,교차로 - 교차로안,승합,남,65세 이상,상해없음,승용,남,41-50세,경상
2023195807,2023년 12월,주간,경상남도 양산시,중상사고,0,1,0,0,차량단독 - 기타,기타,건조,맑음,단일로 - 기타,승합,남,21-30세,기타불명,,,,
2023195808,2023년 12월,주간,경상남도 양산시,경상사고,0,0,1,0,차대사람 - 기타,안전운전불이행,건조,맑음,단일로 - 기타,화물,남,65세 이상,상해없음,보행자,여,65세 이상,경상
2023195883,2023년 12월,주간,경상남도 양산시,경상사고,0,0,1,0,차대차 - 충돌,안전운전불이행,건조,맑음,교차로 - 교차로부근,승용,여,65세 이상,기타불명,이륜,남,61-64세,경상
2023195997,2023년 12월,주간,경상남도 양산시,경상사고,0,0,1,0,차대차 - 충돌,안전운전불이행,건조,맑음,교차로 - 교차로부근,승용,남,41-50세,상해없음,건설기계,남,21-30세,경상
2023196038,2023년 12월,주간,경상남도 양산시,경상사고,0,0,1,0,차대차 - 추돌,안전운전불이행,건조,맑음,단일로 - 지하차도(도로)내,승용,남,65세 이상,상해없음,승용,남,51-60세,경상
2023196087,2023년 12월,주간,경상남도 양산시,부상신고사고,0,0,0,1,차대차 - 충돌,안전거리미확보,건조,맑음,단일로 - 기타,승용,남,51-60세,상해없음,승용,남,31-40세,부상신고
2023196269,2023년 12월,야간,경상남도 양산시,경상사고,0,0,1,0,차대차 - 충돌,안전운전불이행,건조,맑음,단일로 - 기타,화물,남,21-30세,상해없음,이륜,남,31-40세,경상
2023196350,2023년 12월,주간,경상남도 양산시,경상사고,0,0,1,0,차대사람 - 횡단중,안전운전불이행,건조,맑음,교차로 - 교차로부근,승용,남,31-40세,상해없음,보행자,여,13-20세,경상
2023196381,2023년 12월,주간,경상남도 양산시,중상사고,0,1,0,0,차대사람 - 횡단중,보행자보호의무위반,건조,맑음,교차로 - 교차로횡단보도내,승용,남,61-64세,상해없음,보행자,여,65세 이상,중상
2023196477,2023년 12월,주간,경상남도 양산시,중상사고,0,1,0,0,차대차 - 충돌,신호위반,건조,맑음,교차로 - 교차로안,승용,남,51-60세,상해없음,원동기,남,41-50세,중상
2023196512,2023년 12월,주간,경상남도 양산시,경상사고,0,0,1,0,차대차 - 충돌,신호위반,건조,맑음,교차로 - 교차로안,승용,여,51-60세,상해없음,승용,남,21-30세,경상
2023196559,2023년 12월,주간,경상남도 양산시,부상신고사고,0,0,0,1,차대차 - 충돌,안전거리미확보,건조,맑음,단일로 - 기타,승합,남,51-60세,상해없음,승용,남,65세 이상,상해없음
2023196572,2023년 12월,주간,경상남도 양산시,경상사고,0,0,1,0,차대차 - 충돌,신호위반,건조,맑음,단일로 - 기타,자전거,남,20세 이하,상해없음,자전거,남,13-20세,경상
2023196773,2023년 12월,야간,경상남도 양산시,부상신고사고,0,0,0,1,차대차 - 기타,교차로운행방법위반,건조,맑음,교차로 - 교차로안,승용,남,51-60세,상해없음,승용,여,41-50세,부상신고
2023196920,2023년 12월,주간,경상남도 양산시,중상사고,0,1,0,0,차대차 - 충돌,안전운전불이행,건조,맑음,교차로 - 교차로부근,특수,남,51-60세,상해없음,자전거,남,65세 이상,중상
2023197504,2023년 12월,야간,경상남도 양산시,경상사고,0,0,1,0,차대차 - 추돌,안전운전불이행,건조,맑음,교차로 - 교차로부근,승용,남,51-60세,상해없음,승용,남,21-30세,경상
2023197576,2023년 12월,주간,경상남도 양산시,경상사고,0,0,1,0,차대차 - 기타,중앙선침범,건조,맑음,단일로 - 기타,승용,남,51-60세,상해없음,화물,남,41-50세,경상
2023197832,2023년 12월,주간,경상남도 양산시,중상사고,0,1,0,0,차대차 - 충돌,안전운전불이행,건조,맑음,교차로 - 교차로안,이륜,남,31-40세,상해없음,이륜,남,41-50세,중상
2023197955,2023년 12월,야간,경상남도 양산시,중상사고,0,3,1,0,차량단독 - 충돌,안전운전불이행,젖음/습기,비,단일로 - 기타,승용,여,51-60세,상해없음,,,,
2023198040,2023년 12월,주간,경상남도 양산시,경상사고,0,0,2,0,차대차 - 기타,신호위반,건조,맑음,교차로 - 교차로안,승용,여,31-40세,경상,화물,남,61-64세,경상
2023198121,2023년 12월,주간,경상남도 양산시,경상사고,0,0,1,0,차대차 - 추돌,안전거리미확보,건조,맑음,교차로 - 교차로안,이륜,남,31-40세,상해없음,이륜,남,51-60세,경상
2024000136,2024년 1월,주간,경상남도 양산시,경상사고,0,0,3,0,차대차 - 추돌,안전운전불이행,건조,맑음,교차로 - 교차로부근,승용,여,31-40세,상해없음,승용,여,65세 이상,경상
2024000196,2024년 1월,주간,경상남도 양산시,부상신고사고,0,0,0,1,차대차 - 충돌,안전거리미확보,건조,맑음,교차로 - 교차로부근,승용,남,31-40세,부상신고,승용,남,51-60세,상해없음
2024000460,2024년 1월,주간,경상남도 양산시,중상사고,0,1,0,0,차대사람 - 기타,안전운전불이행,건조,맑음,단일로 - 기타,승합,남,65세 이상,상해없음,보행자,남,31-40세,중상
2024000817,2024년 1월,주간,경상남도 양산시,경상사고,0,0,2,0,차대차 - 추돌,안전운전불이행,건조,맑음,교차로 - 교차로부근,승용,남,21-30세,상해없음,승용,남,51-60세,경상