구분번호,발생년월,주야,시군구,사고내용,사망자수,중상자수,경상자수,부상신고자수,사고유형,법규위반,노면상태,기상상태,도로형태,가해운전자 차종,가해운전자 성별,가해운전자 연령대,가해운전자 상해정도,피해운전자 차종,피해운전자 성별,피해운전자 연령대,피해운전자 상해정도
2024001011,2024년 1월,주간,경상남도 양산시,경상사고,0,0,1,0,차대차 - 충돌,교차로운행방법위반,건조,맑음,교차로 - 교차로안,승용,여,41-50세,상해없음,이륜,남,21-30세,경상
2024001214,2024년 1월,야간,경상남도 양산시,경상사고,0,0,4,0,차대차 - 기타,안전거리미확보,건조,맑음,교차로 - 교차로부근,승용,여,41-50세,상해없음,승용,남,13-20세,경상
2024001250,2024년 1월,주간,경상남도 양산시,경상사고,0,0,1,1,차대차 - 충돌,안전거리미확보,건조,맑음,단일로 - 기타,승용,여,31-40세,상해없음,화물,남,21-30세,부상신고
2024001344,2024년 1월,주간,경상남도 양산시,중상사고,0,1,0,0,차대사람 - 횡단중,보행자보호의무위반,건조,맑음,교차로 - 교차로횡단보도내,승용,여,21-30세,상해없음,보행자,남,65세 이상,중상
2024001843,2024년 1월,주간,경상남도 양산시,중상사고,0,1,0,0,차대차 - 충돌,중앙선침범,건조,맑음,교차로 - 교차로안,승용,여,31-40세,상해없음,승합,남,61-64세,중상
2024001971,2024년 1월,주간,경상남도 양산시,중상사고,0,1,0,0,차대차 - 충돌,기타,건조,맑음,교차로 - 교차로안,승합,남,51-60세,상해없음,승용,남,21-30세,중상
2024002056,2024년 1월,주간,경상남도 양산시,경상사고,0,0,1,0,차대차 - 충돌,안전운전불이행,건조,맑음,교차로 - 교차로안,승용,남,65세 이상,상해없음,자전거,남,51-60세,경상
2024002357,2024년 1월,주간,경상남도 양산시,중상사고,0,1,0,0,차대사람 - 횡단중,신호위반,건조,맑음,교차로 - 교차로안,화물,여,65세 이상,상해없음,보행자,여,61-64세,중상
2024002443,2024년 1월,주간,경상남도 양산시,경상사고,0,0,1,0,차대차 - 충돌,안전운전불이행,건조,맑음,교차로 - 교차로안,승용,남,51-60세,상해없음,승용,남,65세 이상,경상
2024002684,2024년 1월,야간,경상남도 양산시,경상사고,0,0,2,2,차대차 - 충돌,안전운전불이행,건조,맑음,교차로 - 교차로부근,승용,남,51-60세,상해없음,승용,여,41-50세,경상
2024003006,2024년 1월,야간,경상남도 양산시,중상사고,0,1,0,0,차대차 - 추돌,안전운전불이행,건조,맑음,교차로 - 교차로안,승용,남,21-30세,상해없음,이륜,남,41-50세,중상
2024003241,2024년 1월,주간,경상남도 양산시,경상사고,0,0,3,0,차대차 - 충돌,교차로운행방법위반,건조,맑음,교차로 - 교차로안,승용,남,41-50세,상해없음,승용,여,41-50세,경상
2024003278,2024년 1월,주간,경상남도 양산시,경상사고,0,0,1,0,차대차 - 충돌,안전운전불이행,건조,맑음,단일로 - 기타,화물,남,51-60세,상해없음,화물,남,41-50세,경상
2024003506,2024년 1월,야간,경상남도 양산시,경상사고,0,0,1,1,차대차 - 충돌,안전거리미확보,건조,맑음,교차로 - 교차로안,원동기,남,20세 이하,부상신고,승용,남,41-50세,경상
2024003627,2024년 1월,야간,경상남도 양산시,부상신고사고,0,0,0,1,차대차 - 충돌,교차로운행방법위반,건조,맑음,교차로 - 교차로안,승용,남,51-60세,상해없음,이륜,남,31-40세,부상신고
2024003874,2024년 1월,주간,경상남도 양산시,경상사고,0,0,2,0,차대차 - 충돌,안전운전불이행,건조,맑음,단일로 - 기타,승용,남,21-30세,상해없음,승용,남,41-50세,경상
2024004004,2024년 1월,야간,경상남도 양산시,경상사고,0,0,2,0,차대차 - 충돌,안전운전불이행,젖음/습기,비,교차로 - 교차로부근,승용,여,61-64세,상해없음,승용,여,31-40세,경상
2024004216,2024년 1월,주간,경상남도 양산시,경상사고,0,0,1,0,차대사람 - 횡단중,보행자보호의무위반,건조,맑음,교차로 - 교차로횡단보도내,화물,남,61-64세,상해없음,보행자,여,51-60세,경상
2024004238,2024년 1월,주간,경상남도 양산시,경상사고,0,0,1,0,차량단독 - 기타,안전운전불이행,건조,맑음,단일로 - 기타,승합,남,65세 이상,상해없음,,,,
2024004269,2024년 1월,주간,경상남도 양산시,부상신고사고,0,0,0,1,차대사람 - 보도통행중,기타,건조,맑음,단일로 - 기타,승용,남,41-50세,상해없음,보행자,남,41-50세,부상신고
2024004490,2024년 1월,야간,경상남도 양산시,경상사고,0,0,2,0,차대차 - 충돌,신호위반,건조,맑음,교차로 - 교차로안,승용,여,41-50세,상해없음,승합,남,51-60세,경상
2024004567,2024년 1월,야간,경상남도 양산시,경상사고,0,0,1,0,차대사람 - 기타,안전운전불이행,건조,맑음,단일로 - 기타,화물,남,61-64세,상해없음,보행자,여,51-60세,경상
2024004636,2024년 1월,주간,경상남도 양산시,경상사고,0,0,1,0,차대차 - 충돌,안전운전불이행,건조,맑음,교차로 - 교차로안,승용,남,61-64세,기타불명,승용,여,65세 이상,경상
2024004827,2024년 1월,주간,경상남도 양산시,중상사고,0,2,1,0,차대차 - 충돌,중앙선침범,건조,맑음,단일로 - 기타,승용,남,65세 이상,상해없음,승용,남,31-40세,중상
2024004828,2024년 1월,주간,경상남도 양산시,중상사고,0,1,0,0,차대차 - 충돌,안전운전불이행,건조,맑음,교차로 - 교차로안,이륜,남,65세 이상,중상,화물,남,65세 이상,상해없음
2024004846,2024년 1월,주간,경상남도 양산시,경상사고,0,0,2,0,차대차 - 충돌,신호위반,건조,맑음,단일로 - 기타,승용,남,65세 이상,상해없음,승용,여,31-40세,경상
2024004909,2024년 1월,야간,경상남도 양산시,경상사고,0,0,2,0,차대차 - 충돌,교차로운행방법위반,건조,맑음,교차로 - 교차로안,승용,남,41-50세,상해없음,승용,남,65세 이상,경상
2024005034,2024년 1월,야간,경상남도 양산시,중상사고,0,1,2,0,차대차 - 기타,안전운전불이행,건조,맑음,기타 - 기타,개인형이동수단(PM),남,21-30세,중상,승합,남,41-50세,경상
2024005458,2024년 1월,야간,경상남도 양산시,경상사고,0,0,1,0,차대차 - 충돌,신호위반,건조,맑음,교차로 - 교차로안,승용,남,31-40세,상해없음,승용,남,51-60세,경상
2024005701,2024년 1월,주간,경상남도 양산시,경상사고,0,0,3,0,차대차 - 충돌,안전거리미확보,건조,맑음,단일로 - 기타,승용,여,65세 이상,상해없음,승용,남,31-40세,경상
2024005747,2024년 1월,주간,경상남도 양산시,경상사고,0,0,1,0,차대차 - 충돌,교차로운행방법위반,건조,맑음,교차로 - 교차로부근,승용,남,21-30세,상해없음,승합,남,51-60세,상해없음
2024005809,2024년 1월,주간,경상남도 양산시,중상사고,0,1,0,0,차대차 - 충돌,중앙선침범,건조,맑음,단일로 - 기타,승용,남,51-60세,상해없음,이륜,남,51-60세,중상
2024005959,2024년 1월,야간,경상남도 양산시,경상사고,0,0,1,0,차대차 - 충돌,신호위반,건조,맑음,교차로 - 교차로안,승용,여,21-30세,상해없음,이륜,남,21-30세,경상
2024006253,2024년 1월,주간,경상남도 양산시,경상사고,0,0,1,0,차대차 - 충돌,신호위반,건조,맑음,교차로 - 교차로안,승용,남,65세 이상,상해없음,승용,남,41-50세,경상
2024006327,2024년 1월,야간,경상남도 양산시,중상사고,0,1,0,0,차대사람 - 횡단중,보행자보호의무위반,건조,맑음,교차로 - 교차로횡단보도내,승용,여,51-60세,상해없음,보행자,여,51-60세,중상
2024006714,2024년 1월,주간,경상남도 양산시,중상사고,0,1,0,0,차대차 - 기타,신호위반,건조,맑음,단일로 - 기타,화물,남,61-64세,상해없음,화물,남,31-40세,중상
2024007092,2024년 1월,주간,경상남도 양산시,중상사고,0,1,0,0,차대차 - 추돌,안전운전불이행,건조,맑음,교차로 - 교차로부근,이륜,남,41-50세,중상,승용,남,51-60세,상해없음
2024007179,2024년 1월,주간,경상남도 양산시,경상사고,0,0,1,0,차대차 - 추돌,안전운전불이행,건조,맑음,교차로 - 교차로안,화물,남,31-40세,상해없음,승용,남,65세 이상,경상
2024007242,2024년 1월,주간,경상남도 양산시,경상사고,0,0,2,0,차대차 - 추돌,안전운전불이행,건조,맑음,교차로 - 교차로부근,개인형이동수단(PM),여,20세 이하,상해없음,승용,여,31-40세,경상
2024007243,2024년 1월,주간,경상남도 양산시,경상사고,0,0,1,0,차대차 - 충돌,신호위반,건조,맑음,교차로 - 교차로안,승용,남,61-64세,상해없음,승용,남,65세 이상,경상
2024007410,2024년 1월,야간,경상남도 양산시,중상사고,0,1,1,0,차대차 - 충돌,신호위반,건조,맑음,교차로 - 교차로안,승용,남,41-50세,상해없음,승용,남,65세 이상,경상
2024007715,2024년 1월,주간,경상남도 양산시,경상사고,0,0,1,0,차대차 - 충돌,안전운전불이행,건조,맑음,교차로 - 교차로안,승용,남,65세 이상,상해없음,승용,여,51-60세,경상
2024008030,2024년 1월,주간,경상남도 양산시,경상사고,0,0,1,0,차대차 - 추돌,안전거리미확보,건조,맑음,단일로 - 기타,화물,남,51-60세,상해없음,승용,남,51-60세,경상
2024008283,2024년 1월,주간,경상남도 양산시,중상사고,0,1,0,0,차대차 - 충돌,교차로운행방법위반,젖음/습기,비,교차로 - 교차로안,승용,여,51-60세,상해없음,승용,여,51-60세,중상
2024008442,2024년 1월,야간,경상남도 양산시,경상사고,0,0,1,0,차대차 - 기타,기타,건조,맑음,단일로 - 기타,승용,여,51-60세,상해없음,이륜,남,31-40세,경상
2024008506,2024년 1월,야간,경상남도 양산시,중상사고,0,1,1,0,차대차 - 추돌,안전거리미확보,건조,맑음,단일로 - 기타,승용,남,65세 이상,상해없음,화물,남,65세 이상,중상
2024008523,2024년 1월,야간,경상남도 양산시,중상사고,0,1,0,0,차대차 - 충돌,신호위반,건조,맑음,교차로 - 교차로안,화물,남,51-60세,상해없음,화물,남,51-60세,중상
2024008569,2024년 1월,주간,경상남도 양산시,경상사고,0,0,1,0,차대차 - 충돌,신호위반,건조,맑음,교차로 - 교차로안,승용,여,41-50세,상해없음,승용,여,31-40세,경상
2024008633,2024년 1월,주간,경상남도 양산시,경상사고,0,0,2,0,차대차 - 충돌,안전운전불이행,건조,맑음,교차로 - 교차로안,승용,남,41-50세,상해없음,이륜,남,41-50세,경상
2024008634,2024년 1월,주간,경상남도 양산시,경상사고,0,0,1,0,차대차 - 추돌,안전거리미확보,건조,맑음,교차로 - 교차로안,화물,남,41-50세,상해없음,승용,남,65세 이상,경상
2024008701,2024년 1월,주간,경상남도 양산시,중상사고,0,1,2,0,차대차 - 추돌,안전운전불이행,건조,맑음,교차로 - 교차로안,승용,여,51-60세,상해없음,승용,여,61-64세,경상
2024008830,2024년 1월,주간,경상남도 양산시,경상사고,0,0,1,0,차대차 - 기타,안전거리미확보,건조,맑음,교차로 - 교차로안,승용,여,21-30세,상해없음,승용,남,21-30세,경상
2024009014,2024년 1월,야간,경상남도 양산시,경상사고,0,0,1,0,차대차 - 충돌,기타,젖음/습기,비,단일로 - 고가도로위,승용,여,20세 이하,기타불명,화물,남,31-40세,경상
2024009127,2024년 1월,주간,경상남도 양산시,중상사고,0,1,0,0,차대차 - 충돌,안전운전불이행,젖음/습기,비,단일로 - 기타,승용,남,21-30세,상해없음,자전거,남,41-50세,중상
2024009151,2024년 1월,주간,경상남도 양산시,경상사고,0,0,1,0,차대차 - 충돌,안전운전불이행,건조,맑음,교차로 - 교차로부근,승용,남,31-40세,상해없음,승용,여,41-50세,경상
2024009245,2024년 1월,주간,경상남도 양산시,경상사고,0,0,1,0,차대차 - 충돌,교차로운행방법위반,젖음/습기,비,교차로 - 교차로안,화물,남,31-40세,상해없음,이륜,남,41-50세,경상
2024009337,2024년 1월,주간,경상남도 양산시,경상사고,0,0,1,0,차대차 - 충돌,기타,젖음/습기,비,교차로 - 교차로안,승합,남,65세 이상,상해없음,승합,남,65세 이상,경상
2024009503,2024년 1월,야간,경상남도 양산시,부상신고사고,0,0,0,1,차량단독 - 충돌,안전운전불이행,건조,맑음,단일로 - 고가도로위,승용,남,65세 이상,부상신고,,,,
2024009684,2024년 1월,주간,경상남도 양산시,경상사고,0,0,1,0,차대차 - 충돌,교차로운행방법위반,건조,맑음,교차로 - 교차로안,승용,남,21-30세,상해없음,원동기,남,31-40세,경상
2024009950,2024년 1월,주간,경상남도 양산시,사망사고,1,0,0,0,차대사람 - 횡단중,보행자보호의무위반,젖음/습기,흐림,교차로 - 교차로안,화물,남,31-40세,상해없음,보행자,여,65세 이상,사망
2024009976,2024년 1월,주간,경상남도 양산시,경상사고,0,0,2,0,차대차 - 기타,안전운전불이행,건조,맑음,단일로 - 기타,특수,남,65세 이상,상해없음,승용,여,21-30세,경상
2024010078,2024년 1월,주간,경상남도 양산시,중상사고,0,1,1,0,차대차 - 기타,안전운전불이행,건조,맑음,교차로 - 교차로안,승용,남,31-40세,중상,특수,남,41-50세,경상
2024010356,2024년 1월,야간,경상남도 양산시,경상사고,0,0,1,0,차대차 - 충돌,중앙선침범,건조,맑음,단일로 - 기타,승용,여,21-30세,상해없음,화물,남,31-40세,경상
2024010402,2024년 1월,야간,경상남도 양산시,경상사고,0,0,1,0,차대차 - 충돌,안전거리미확보,건조,맑음,단일로 - 지하차도(도로)내,승용,남,31-40세,상해없음,승용,남,21-30세,경상
2024010546,2024년 1월,주간,경상남도 양산시,경상사고,0,0,1,0,차대차 - 충돌,신호위반,건조,맑음,교차로 - 교차로안,승용,여,41-50세,상해없음,승용,남,51-60세,경상
2024010637,2024년 1월,주간,경상남도 양산시,중상사고,0,1,0,0,차대차 - 충돌,교차로운행방법위반,건조,맑음,교차로 - 교차로안,승용,남,31-40세,상해없음,승용,여,65세 이상,중상
2024011488,2024년 1월,야간,경상남도 양산시,중상사고,0,1,0,0,차량단독 - 충돌,안전운전불이행,건조,맑음,교차로 - 교차로안,승합,남,20세 이하,상해없음,,,,
2024011555,2024년 1월,주간,경상남도 양산시,경상사고,0,0,1,0,차대차 - 추돌,안전운전불이행,건조,맑음,교차로 - 교차로안,화물,남,51-60세,상해없음,승용,남,21-30세,경상
2024011583,2024년 1월,주간,경상남도 양산시,경상사고,0,0,1,0,차대차 - 추돌,안전거리미확보,건조,맑음,단일로 - 기타,승용,남,21-30세,기타불명,승용,여,31-40세,경상
2024011739,2024년 1월,주간,경상남도 양산시,부상신고사고,0,0,0,1,차대사람 - 차도통행중,안전운전불이행,건조,맑음,교차로 - 교차로부근,승용,남,65세 이상,상해없음,보행자,남,21-30세,부상신고
2024012150,2024년 1월,주간,경상남도 양산시,부상신고사고,0,0,0,1,차대차 - 추돌,안전운전불이행,건조,맑음,교차로 - 교차로안,승용,남,65세 이상,상해없음,승용,남,51-60세,부상신고
2024012182,2024년 1월,주간,경상남도 양산시,중상사고,0,1,0,0,차대차 - 추돌,안전운전불이행,건조,맑음,단일로 - 터널,승용,여,41-50세,상해없음,화물,남,31-40세,중상
2024012269,2024년 1월,주간,경상남도 양산시,중상사고,0,1,1,0,차대차 - 충돌,교차로운행방법위반,건조,맑음,교차로 - 교차로안,승용,남,21-30세,경상,승용,여,65세 이상,중상
2024012310,2024년 1월,주간,경상남도 양산시,중상사고,0,1,0,0,차대차 - 충돌,안전운전불이행,건조,맑음,교차로 - 교차로안,승용,남,31-40세,상해없음,이륜,남,21-30세,중상
2024012659,2024년 1월,야간,경상남도 양산시,경상사고,0,0,1,0,차대차 - 충돌,안전운전불이행,건조,맑음,교차로 - 교차로안,승합,남,41-50세,상해없음,이륜,남,41-50세,경상
2024012851,2024년 1월,주간,경상남도 양산시,경상사고,0,0,2,1,차대차 - 충돌,안전거리미확보,건조,맑음,단일로 - 기타,승용,남,51-60세,상해없음,승용,여,41-50세,경상
2024012853,2024년 1월,주간,경상남도 양산시,중상사고,0,1,0,0,차대차 - 충돌,안전거리미확보,건조,맑음,단일로 - 기타,건설기계,남,65세 이상,상해없음,승용,여,51-60세,중상
2024012863,2024년 1월,주간,경상남도 양산시,부상신고사고,0,0,0,1,차대사람 - 횡단중,안전운전불이행,건조,맑음,교차로 - 교차로안,승용,남,65세 이상,상해없음,보행자,남,31-40세,부상신고
2024013495,2024년 1월,야간,경상남도 양산시,경상사고,0,0,2,0,차대사람 - 기타,교차로운행방법위반,건조,맑음,교차로 - 교차로안,승용,남,41-50세,상해없음,보행자,남,51-60세,경상
2024013612,2024년 1월,주간,경상남도 양산시,중상사고,0,1,0,0,차대차 - 충돌,안전운전불이행,건조,맑음,단일로 - 기타,승용,남,51-60세,상해없음,자전거,남,65세 이상,중상
2024013793,2024년 1월,주간,경상남도 양산시,경상사고,0,0,1,0,차대차 - 충돌,안전운전불이행,건조,맑음,교차로 - 교차로안,승용,여,65세 이상,상해없음,승용,남,41-50세,경상
2024013989,2024년 1월,야간,경상남도 양산시,경상사고,0,0,1,0,차대사람 - 횡단중,안전운전불이행,건조,맑음,교차로 - 교차로부근,승용,남,41-50세,상해없음,보행자,여,65세 이상,경상
2024014072,2024년 1월,야간,경상남도 양산시,중상사고,0,1,0,0,차대차 - 기타,안전운전불이행,건조,맑음,교차로 - 교차로안,승합,남,31-40세,상해없음,이륜,남,61-64세,중상
2024014096,2024년 1월,야간,경상남도 양산시,경상사고,0,0,2,0,차대차 - 추돌,안전운전불이행,건조,맑음,교차로 - 교차로부근,승용,여,21-30세,상해없음,승용,여,21-30세,경상
2024014189,2024년 1월,주간,경상남도 양산시,중상사고,0,1,0,0,차대차 - 추돌,안전운전불이행,건조,맑음,단일로 - 기타,승합,남,65세 이상,상해없음,건설기계,남,21-30세,중상
2024014386,2024년 1월,주간,경상남도 양산시,경상사고,0,0,1,0,차대차 - 충돌,안전거리미확보,건조,맑음,단일로 - 기타,승용,여,61-64세,상해없음,승합,남,21-30세,경상
2024014532,2024년 1월,야간,경상남도 양산시,중상사고,0,1,0,0,차대사람 - 차도통행중,안전운전불이행,건조,맑음,교차로 - 교차로안,승용,남,51-60세,상해없음,보행자,여,65세 이상,중상
2024014693,2024년 1월,주간,경상남도 양산시,경상사고,0,0,1,0,차대차 - 충돌,기타,건조,맑음,교차로 - 교차로안,승용,남,65세 이상,상해없음,승용,여,61-64세,경상
2024014948,2024년 1월,주간,경상남도 양산시,경상사고,0,0,2,0,차대차 - 충돌,신호위반,건조,맑음,교차로 - 교차로안,승용,여,65세 이상,상해없음,이륜,남,31-40세,경상
2024015099,2024년 1월,야간,경상남도 양산시,중상사고,0,2,0,0,차대차 - 기타,안전운전불이행,건조,맑음,단일로 - 기타,승용,남,51-60세,기타불명,승용,남,13-20세,중상
2024015161,2024년 2월,야간,경상남도 양산시,중상사고,0,1,0,0,차량단독 - 전도전복,안전운전불이행,젖음/습기,비,단일로 - 기타,이륜,남,31-40세,중상,,,,
2024015208,2024년 2월,주간,경상남도 양산시,경상사고,0,0,2,0,차대차 - 충돌,안전운전불이행,건조,맑음,단일로 - 기타,승용,여,31-40세,상해없음,승용,남,31-40세,경상
2024015277,2024년 2월,주간,경상남도 양산시,중상사고,0,1,1,0,차대사람 - 횡단중,신호위반,건조,맑음,교차로 - 교차로횡단보도내,특수,남,41-50세,상해없음,보행자,여,12세 이하,경상
2024015452,2024년 2월,주간,경상남도 양산시,경상사고,0,0,1,0,차대차 - 추돌,안전운전불이행,건조,맑음,단일로 - 기타,이륜,남,31-40세,상해없음,승용,남,31-40세,경상
2024015623,2024년 2월,야간,경상남도 양산시,경상사고,0,0,1,0,차대사람 - 차도통행중,안전운전불이행,건조,맑음,교차로 - 교차로안,승용,남,51-60세,상해없음,보행자,여,21-30세,경상
2024015916,2024년 2월,주간,경상남도 양산시,중상사고,0,1,0,0,차대차 - 충돌,안전거리미확보,건조,맑음,교차로 - 교차로안,승용,남,65세 이상,상해없음,승용,여,51-60세,중상
2024016159,2024년 2월,야간,경상남도 양산시,중상사고,0,1,0,0,차대차 - 충돌,교차로운행방법위반,건조,맑음,교차로 - 교차로안,화물,남,51-60세,상해없음,이륜,남,41-50세,중상
2024016408,2024년 2월,주간,경상남도 양산시,경상사고,0,0,2,0,차대차 - 충돌,신호위반,건조,맑음,교차로 - 교차로안,화물,남,65세 이상,상해없음,승용,여,41-50세,경상
2024016409,2024년 2월,주간,경상남도 양산시,경상사고,0,0,2,0,차대차 - 충돌,신호위반,젖음/습기,비,교차로 - 교차로안,승용,남,65세 이상,상해없음,승용,여,21-30세,경상
2024016492,2024년 2월,주간,경상남도 양산시,경상사고,0,0,1,0,차대차 - 기타,안전운전불이행,건조,맑음,단일로 - 기타,화물,남,65세 이상,상해없음,승합,남,41-50세,경상
2024017013,2024년 2월,야간,경상남도 양산시,경상사고,0,0,1,0,차대차 - 충돌,중앙선침범,건조,맑음,단일로 - 기타,승합,남,20세 이하,상해없음,이륜,남,41-50세,경상
2024017355,2024년 2월,주간,경상남도 양산시,사망사고,1,1,0,0,차량단독 - 충돌,안전거리미확보,젖음/습기,비,단일로 - 고가도로위,화물,남,65세 이상,중상,,,,
2024017552,2024년 2월,야간,경상남도 양산시,경상사고,0,0,2,0,차대차 - 추돌,안전운전불이행,건조,맑음,단일로 - 기타,승용,남,31-40세,상해없음,화물,남,51-60세,경상
2024017788,2024년 2월,주간,경상남도 양산시,경상사고,0,0,1,0,차량단독 - 기타,안전운전불이행,건조,맑음,단일로 - 기타,승용,남,51-60세,상해없음,,,,
2024017895,2024년 2월,주간,경상남도 양산시,경상사고,0,0,1,0,차대사람 - 횡단중,신호위반,건조,맑음,교차로 - 교차로횡단보도내,승용,여,20세 이하,상해없음,보행자,여,13-20세,경상
2024018163,2024년 2월,야간,경상남도 양산시,경상사고,0,0,1,0,차대차 - 충돌,중앙선침범,건조,맑음,단일로 - 기타,승용,남,41-50세,상해없음,승용,남,31-40세,경상
2024018201,2024년 2월,야간,경상남도 양산시,경상사고,0,0,1,0,차대차 - 충돌,안전운전불이행,건조,맑음,단일로 - 기타,승용,여,41-50세,상해없음,승용,남,21-30세,경상
2024018279,2024년 2월,주간,경상남도 양산시,경상사고,0,0,1,0,차대차 - 충돌,교차로운행방법위반,건조,맑음,교차로 - 교차로안,승용,여,41-50세,상해없음,승용,남,65세 이상,경상
2024018376,2024년 2월,주간,경상남도 양산시,경상사고,0,0,1,0,차대차 - 충돌,교차로운행방법위반,건조,맑음,교차로 - 교차로안,승용,여,31-40세,상해없음,승용,남,65세 이상,경상
2024018466,2024년 2월,주간,경상남도 양산시,경상사고,0,0,1,0,차대차 - 추돌,안전거리미확보,건조,맑음,단일로 - 기타,화물,남,51-60세,상해없음,화물,남,41-50세,경상
2024018831,2024년 2월,야간,경상남도 양산시,중상사고,0,1,1,0,차대차 - 추돌,안전운전불이행,건조,맑음,단일로 - 기타,승용,남,31-40세,상해없음,승용,남,65세 이상,경상
2024019159,2024년 2월,주간,경상남도 양산시,경상사고,0,0,1,0,차대차 - 충돌,안전운전불이행,건조,맑음,단일로 - 기타,화물,남,65세 이상,상해없음,승용,남,41-50세,경상
2024019160,2024년 2월,주간,경상남도 양산시,부상신고사고,0,0,0,1,차대차 - 충돌,신호위반,건조,맑음,단일로 - 지하차도(도로)내,승용,남,65세 이상,상해없음,승용,남,31-40세,부상신고
2024019339,2024년 2월,야간,경상남도 양산시,경상사고,0,0,1,0,차대차 - 충돌,안전거리미확보,건조,맑음,단일로 - 기타,화물,남,65세 이상,상해없음,승용,남,65세 이상,경상
2024019452,2024년 2월,야간,경상남도 양산시,중상사고,0,1,0,0,차대차 - 추돌,기타,건조,맑음,단일로 - 기타,승용,남,65세 이상,상해없음,화물,여,51-60세,중상
2024019505,2024년 2월,주간,경상남도 양산시,부상신고사고,0,0,0,1,차량단독 - 충돌,안전운전불이행,건조,맑음,단일로 - 고가도로위,화물,남,21-30세,부상신고,,,,
2024019760,2024년 2월,야간,경상남도 양산시,중상사고,0,1,0,0,차대차 - 충돌,안전운전불이행,건조,맑음,단일로 - 기타,이륜,남,31-40세,상해없음,자전거,남,13-20세,중상
2024019807,2024년 2월,야간,경상남도 양산시,경상사고,0,0,2,0,차대차 - 충돌,안전거리미확보,건조,맑음,교차로 - 교차로부근,승용,남,65세 이상,상해없음,승용,남,65세 이상,경상
2024019820,2024년 2월,야간,경상남도 양산시,부상신고사고,0,0,0,1,차량단독 - 충돌,안전운전불이행,건조,맑음,단일로 - 기타,원동기,남,20세 이하,부상신고,,,,
2024019846,2024년 2월,주간,경상남도 양산시,경상사고,0,0,1,0,차대차 - 추돌,안전운전불이행,건조,맑음,교차로 - 교차로안,승용,여,51-60세,상해없음,승용,남,51-60세,상해없음
2024019879,2024년 2월,주간,경상남도 양산시,경상사고,0,0,1,0,차대차 - 충돌,안전운전불이행,건조,맑음,주차장 - 주차장,승용,여,61-64세,상해없음,승용,남,65세 이상,기타불명
2024020051,2024년 2월,야간,경상남도 양산시,경상사고,0,0,5,0,차대차 - 기타,안전운전불이행,건조,맑음,단일로 - 기타,승용,남,21-30세,상해없음,승용,남,41-50세,경상
2024020581,2024년 2월,주간,경상남도 양산시,경상사고,0,0,2,0,차대차 - 충돌,안전거리미확보,건조,맑음,단일로 - 기타,승용,여,31-40세,상해없음,승용,남,31-40세,경상
2024020704,2024년 2월,야간,경상남도 양산시,중상사고,0,1,0,0,차대차 - 충돌,교차로운행방법위반,건조,맑음,교차로 - 교차로안,승용,남,65세 이상,상해없음,원동기,남,61-64세,중상
2024020795,2024년 2월,주간,경상남도 양산시,중상사고,0,1,0,0,차대차 - 충돌,안전운전불이행,건조,맑음,교차로 - 교차로안,화물,남,51-60세,상해없음,이륜,남,31-40세,중상
2024020830,2024년 2월,주간,경상남도 양산시,부상신고사고,0,0,0,1,차대차 - 추돌,안전운전불이행,건조,맑음,교차로 - 교차로부근,승용,남,41-50세,상해없음,승용,남,21-30세,부상신고
2024021039,2024년 2월,야간,경상남도 양산시,경상사고,0,0,1,0,차대차 - 충돌,신호위반,건조,흐림,교차로 - 교차로안,승용,남,65세 이상,상해없음,승용,남,41-50세,경상
2024021161,2024년 2월,야간,경상남도 양산시,중상사고,0,1,0,0,차량단독 - 충돌,기타,건조,맑음,단일로 - 기타,원동기,남,20세 이하,중상,,,,
2024021269,2024년 2월,주간,경상남도 양산시,중상사고,0,1,0,0,차대차 - 기타,안전운전불이행,건조,맑음,교차로 - 교차로안,승용,남,65세 이상,상해없음,승용,남,41-50세,중상
2024021473,2024년 2월,주간,경상남도 양산시,경상사고,0,0,1,0,차대차 - 충돌,기타,건조,맑음,교차로 - 교차로안,승용,남,51-60세,상해없음,승용,남,51-60세,경상
2024021553,2024년 2월,야간,경상남도 양산시,경상사고,0,0,1,0,차대차 - 충돌,안전운전불이행,건조,맑음,단일로 - 기타,이륜,남,31-40세,경상,승용,남,51-60세,상해없음
2024021782,2024년 2월,주간,경상남도 양산시,경상사고,0,0,1,0,차대차 - 충돌,교차로운행방법위반,건조,맑음,교차로 - 교차로부근,승용,남,61-64세,상해없음,승용,여,41-50세,경상
2024021918,2024년 2월,주간,경상남도 양산시,경상사고,0,0,1,0,차대차 - 충돌,안전거리미확보,건조,맑음,단일로 - 기타,승용,남,65세 이상,상해없음,승용,여,41-50세,경상
2024022025,2024년 2월,야간,경상남도 양산시,중상사고,0,1,1,1,차대차 - 추돌,안전운전불이행,건조,맑음,단일로 - 기타,승용,남,41-50세,중상,승합,남,41-50세,경상