구분번호,발생년월,주야,시군구,사고내용,사망자수,중상자수,경상자수,부상신고자수,사고유형,법규위반,노면상태,기상상태,도로형태,가해운전자 차종,가해운전자 성별,가해운전자 연령대,가해운전자 상해정도,피해운전자 차종,피해운전자 성별,피해운전자 연령대,피해운전자 상해정도
2024022462,2024년 2월,주간,경상남도 양산시,중상사고,0,2,2,0,차대차 - 충돌,안전운전불이행,건조,맑음,교차로 - 교차로부근,승합,남,41-50세,상해없음,승용,여,41-50세,경상
2024022509,2024년 2월,야간,경상남도 양산시,부상신고사고,0,0,0,1,차대차 - 충돌,안전운전불이행,건조,맑음,교차로 - 교차로부근,승합,남,41-50세,상해없음,승용,남,21-30세,부상신고
2024022664,2024년 2월,야간,경상남도 양산시,사망사고,1,0,0,0,차대차 - 추돌,안전운전불이행,건조,맑음,단일로 - 기타,승용,남,61-64세,사망,화물,남,31-40세,상해없음
2024022899,2024년 2월,주간,경상남도 양산시,경상사고,0,0,1,0,차대차 - 충돌,교차로운행방법위반,건조,맑음,교차로 - 교차로안,승용,여,41-50세,상해없음,승용,여,31-40세,경상
2024023007,2024년 2월,야간,경상남도 양산시,경상사고,0,0,2,0,차대차 - 기타,안전거리미확보,건조,맑음,단일로 - 기타,승용,남,61-64세,상해없음,승용,남,31-40세,경상
2024023008,2024년 2월,야간,경상남도 양산시,경상사고,0,0,1,0,차대차 - 충돌,안전거리미확보,건조,맑음,교차로 - 교차로안,승용,여,51-60세,상해없음,승용,여,41-50세,경상
2024023036,2024년 2월,야간,경상남도 양산시,경상사고,0,0,1,0,차대차 - 충돌,안전운전불이행,건조,맑음,단일로 - 기타,이륜,남,61-64세,상해없음,이륜,남,61-64세,경상
2024023037,2024년 2월,야간,경상남도 양산시,부상신고사고,0,0,0,1,차대차 - 충돌,안전운전불이행,건조,맑음,단일로 - 기타,승용,남,41-50세,상해없음,승용,남,21-30세,부상신고
2024023189,2024년 2월,주간,경상남도 양산시,경상사고,0,0,2,0,차대차 - 충돌,신호위반,건조,맑음,교차로 - 교차로안,승용,여,31-40세,상해없음,승용,남,61-64세,경상
2024023199,2024년 2월,주간,경상남도 양산시,중상사고,0,1,0,0,차대차 - 추돌,안전거리미확보,건조,맑음,교차로 - 교차로안,승용,여,31-40세,상해없음,승용,여,21-30세,중상
2024023251,2024년 2월,주간,경상남도 양산시,중상사고,0,1,0,0,차대사람 - 차도통행중,안전운전불이행,건조,맑음,단일로 - 기타,승용,남,61-64세,상해없음,보행자,여,65세 이상,중상
2024023283,2024년 2월,주간,경상남도 양산시,중상사고,0,1,1,0,차대차 - 충돌,안전운전불이행,건조,맑음,교차로 - 교차로안,승용,남,31-40세,상해없음,승용,남,51-60세,경상
2024023434,2024년 2월,야간,경상남도 양산시,경상사고,0,0,2,0,차대차 - 추돌,기타,건조,맑음,단일로 - 기타,승용,남,51-60세,상해없음,승용,남,65세 이상,경상
2024023611,2024년 2월,주간,경상남도 양산시,경상사고,0,0,1,0,차대차 - 충돌,안전운전불이행,건조,맑음,단일로 - 고가도로위,승용,남,65세 이상,상해없음,승용,여,41-50세,경상
2024023849,2024년 2월,야간,경상남도 양산시,경상사고,0,0,1,0,차대차 - 충돌,안전거리미확보,건조,맑음,단일로 - 기타,승용,여,51-60세,상해없음,승용,남,21-30세,경상
2024024119,2024년 2월,주간,경상남도 양산시,경상사고,0,0,1,0,차대차 - 충돌,안전운전불이행,건조,맑음,교차로 - 교차로안,화물,남,51-60세,상해없음,승용,남,41-50세,경상
2024024144,2024년 2월,주간,경상남도 양산시,경상사고,0,0,1,0,차대차 - 기타,안전운전불이행,건조,맑음,교차로 - 교차로안,승용,남,65세 이상,상해없음,승용,여,31-40세,경상
2024024310,2024년 2월,야간,경상남도 양산시,경상사고,0,0,2,0,차대차 - 추돌,안전운전불이행,젖음/습기,흐림,단일로 - 기타,승용,여,51-60세,상해없음,승용,남,51-60세,경상
2024024937,2024년 2월,야간,경상남도 양산시,중상사고,0,1,0,0,차대차 - 기타,안전운전불이행,젖음/습기,비,교차로 - 교차로안,기타불명,기타불명,기타불명,기타불명,이륜,남,51-60세,중상
2024025472,2024년 2월,야간,경상남도 양산시,중상사고,0,1,0,0,차대차 - 추돌,교차로운행방법위반,건조,맑음,교차로 - 교차로안,승용,남,41-50세,상해없음,이륜,남,51-60세,중상
2024025647,2024년 2월,야간,경상남도 양산시,경상사고,0,0,2,0,차대차 - 충돌,교차로운행방법위반,건조,맑음,교차로 - 교차로안,승합,남,61-64세,상해없음,승용,남,51-60세,경상
2024025833,2024년 2월,주간,경상남도 양산시,중상사고,0,1,0,0,차대차 - 기타,신호위반,건조,맑음,교차로 - 교차로횡단보도내,화물,남,41-50세,상해없음,자전거,남,12세 이하,중상
2024026178,2024년 2월,야간,경상남도 양산시,중상사고,0,1,0,0,차대차 - 충돌,중앙선침범,건조,맑음,단일로 - 기타,승용,남,21-30세,상해없음,이륜,남,51-60세,중상
2024026336,2024년 2월,주간,경상남도 양산시,경상사고,0,0,1,0,차대차 - 충돌,교차로운행방법위반,건조,맑음,교차로 - 교차로안,승용,여,61-64세,상해없음,승용,남,21-30세,경상
2024027076,2024년 2월,야간,경상남도 양산시,중상사고,0,1,0,0,차대차 - 충돌,기타,건조,맑음,단일로 - 교량,화물,남,61-64세,상해없음,승용,남,41-50세,중상
2024027080,2024년 2월,야간,경상남도 양산시,경상사고,0,0,1,0,차대차 - 충돌,안전운전불이행,건조,맑음,단일로 - 기타,승용,남,65세 이상,경상,화물,남,51-60세,상해없음
2024027128,2024년 2월,주간,경상남도 양산시,중상사고,0,1,0,0,차대차 - 충돌,중앙선침범,건조,맑음,단일로 - 기타,승용,남,31-40세,상해없음,원동기,남,65세 이상,중상
2024027214,2024년 2월,주간,경상남도 양산시,중상사고,0,1,0,0,차대차 - 충돌,안전거리미확보,건조,맑음,교차로 - 교차로부근,승용,여,51-60세,상해없음,원동기,남,31-40세,중상
2024027267,2024년 2월,주간,경상남도 양산시,경상사고,0,0,2,0,차대차 - 충돌,안전운전불이행,건조,맑음,교차로 - 교차로안,승용,여,65세 이상,경상,승용,남,31-40세,경상
2024027368,2024년 2월,주간,경상남도 양산시,중상사고,0,1,1,0,차대차 - 추돌,안전운전불이행,건조,맑음,단일로 - 기타,화물,남,51-60세,상해없음,승용,여,31-40세,중상
2024027404,2024년 2월,야간,경상남도 양산시,경상사고,0,0,1,0,차대차 - 추돌,안전거리미확보,건조,맑음,단일로 - 기타,승용,여,51-60세,상해없음,승용,남,31-40세,경상
2024027562,2024년 2월,주간,경상남도 양산시,경상사고,0,0,1,0,차대차 - 기타,교차로운행방법위반,건조,맑음,교차로 - 교차로안,승용,여,51-60세,상해없음,승용,남,31-40세,경상
2024027660,2024년 2월,주간,경상남도 양산시,경상사고,0,0,1,0,차대차 - 충돌,기타,건조,맑음,단일로 - 기타,화물,남,61-64세,상해없음,승용,남,51-60세,경상
2024027868,2024년 2월,야간,경상남도 양산시,부상신고사고,0,0,0,1,차대차 - 기타,안전거리미확보,건조,맑음,단일로 - 기타,승용,남,31-40세,상해없음,승용,남,51-60세,부상신고
2024027907,2024년 2월,야간,경상남도 양산시,중상사고,0,1,0,0,차대차 - 충돌,신호위반,건조,맑음,교차로 - 교차로안,승용,남,21-30세,상해없음,승용,남,21-30세,중상
2024028076,2024년 2월,주간,경상남도 양산시,중상사고,0,1,0,0,차대차 - 충돌,안전운전불이행,건조,맑음,교차로 - 교차로안,승용,남,65세 이상,상해없음,화물,남,31-40세,중상
2024028161,2024년 2월,주간,경상남도 양산시,중상사고,0,1,1,0,차대차 - 충돌,기타,건조,맑음,교차로 - 교차로안,승용,남,65세 이상,상해없음,승용,여,51-60세,중상
2024028702,2024년 2월,주간,경상남도 양산시,중상사고,0,1,0,0,차대차 - 충돌,안전운전불이행,건조,맑음,단일로 - 기타,승용,여,21-30세,상해없음,이륜,남,21-30세,중상
2024028915,2024년 2월,야간,경상남도 양산시,경상사고,0,0,3,1,차대차 - 충돌,안전운전불이행,젖음/습기,맑음,단일로 - 기타,승용,남,20세 이하,상해없음,승용,남,51-60세,경상
2024028963,2024년 2월,야간,경상남도 양산시,사망사고,1,0,0,0,차량단독 - 충돌,안전운전불이행,건조,맑음,단일로 - 기타,화물,남,41-50세,사망,,,,
2024029146,2024년 3월,주간,경상남도 양산시,경상사고,0,0,1,0,차대차 - 추돌,안전운전불이행,건조,맑음,단일로 - 기타,승용,여,65세 이상,상해없음,승용,여,51-60세,경상
2024029197,2024년 3월,주간,경상남도 양산시,중상사고,0,1,0,0,차대사람 - 횡단중,보행자보호의무위반,건조,맑음,교차로 - 교차로횡단보도내,승용,여,31-40세,상해없음,보행자,남,51-60세,중상
2024029243,2024년 3월,주간,경상남도 양산시,중상사고,0,1,2,0,차대차 - 충돌,신호위반,건조,맑음,교차로 - 교차로안,승용,남,61-64세,상해없음,승용,남,51-60세,경상
2024029504,2024년 3월,주간,경상남도 양산시,경상사고,0,0,1,0,차대차 - 충돌,안전거리미확보,건조,맑음,단일로 - 기타,승용,남,61-64세,상해없음,승합,남,31-40세,경상
2024029706,2024년 3월,야간,경상남도 양산시,경상사고,0,0,1,0,차대차 - 충돌,신호위반,건조,맑음,교차로 - 교차로안,승용,남,41-50세,상해없음,승용,남,51-60세,경상
2024030100,2024년 3월,야간,경상남도 양산시,경상사고,0,0,3,0,차대차 - 충돌,안전운전불이행,건조,맑음,단일로 - 기타,승용,남,21-30세,상해없음,승용,남,31-40세,경상
2024030229,2024년 3월,주간,경상남도 양산시,경상사고,0,0,1,0,차대차 - 충돌,안전거리미확보,건조,맑음,단일로 - 기타,화물,남,61-64세,상해없음,승용,여,51-60세,경상
2024030437,2024년 3월,주간,경상남도 양산시,경상사고,0,0,1,0,차대사람 - 횡단중,신호위반,건조,맑음,교차로 - 교차로횡단보도내,원동기,남,61-64세,상해없음,보행자,여,12세 이하,경상
2024030626,2024년 3월,야간,경상남도 양산시,경상사고,0,0,1,0,차대차 - 추돌,안전거리미확보,건조,맑음,교차로 - 교차로부근,승용,남,41-50세,상해없음,승용,남,41-50세,경상
2024030743,2024년 3월,주간,경상남도 양산시,경상사고,0,0,1,0,차대차 - 충돌,안전거리미확보,젖음/습기,비,교차로 - 교차로부근,승용,남,41-50세,기타불명,이륜,여,31-40세,경상
2024030744,2024년 3월,주간,경상남도 양산시,중상사고,0,1,0,0,차량단독 - 충돌,안전운전불이행,젖음/습기,비,단일로 - 기타,승용,여,41-50세,중상,,,,
2024030788,2024년 3월,주간,경상남도 양산시,경상사고,0,0,1,0,차대차 - 기타,안전운전불이행,젖음/습기,맑음,단일로 - 기타,승용,남,65세 이상,경상,특수,기타불명,기타불명,기타불명
2024030915,2024년 3월,주간,경상남도 양산시,중상사고,0,1,1,0,차대차 - 추돌,안전운전불이행,젖음/습기,비,교차로 - 교차로안,특수,남,65세 이상,상해없음,승용,여,51-60세,경상
2024031267,2024년 3월,주간,경상남도 양산시,경상사고,0,0,1,0,차대사람 - 기타,안전운전불이행,건조,맑음,주차장 - 주차장,화물,남,41-50세,상해없음,보행자,남,65세 이상,경상
2024031465,2024년 3월,야간,경상남도 양산시,경상사고,0,0,1,0,차대차 - 기타,안전거리미확보,건조,맑음,단일로 - 기타,승용,여,51-60세,상해없음,이륜,남,31-40세,경상
2024031745,2024년 3월,주간,경상남도 양산시,경상사고,0,0,1,0,차대차 - 충돌,안전운전불이행,건조,맑음,단일로 - 기타,승용,여,61-64세,상해없음,원동기,남,41-50세,경상
2024031936,2024년 3월,야간,경상남도 양산시,경상사고,0,0,1,0,차대사람 - 차도통행중,안전운전불이행,건조,맑음,단일로 - 기타,승용,남,21-30세,상해없음,보행자,남,13-20세,경상
2024031970,2024년 3월,야간,경상남도 양산시,부상신고사고,0,0,0,1,차대차 - 기타,기타,젖음/습기,비,교차로 - 교차로안,승용,남,41-50세,상해없음,이륜,남,21-30세,부상신고
2024032189,2024년 3월,주간,경상남도 양산시,경상사고,0,0,2,0,차대차 - 충돌,안전운전불이행,건조,맑음,교차로 - 교차로안,승용,여,31-40세,경상,승용,여,61-64세,경상
2024032287,2024년 3월,주간,경상남도 양산시,경상사고,0,0,2,0,차대차 - 추돌,교차로운행방법위반,건조,맑음,교차로 - 교차로안,특수,남,61-64세,상해없음,승용,여,21-30세,경상
2024032342,2024년 3월,주간,경상남도 양산시,경상사고,0,0,1,0,차대차 - 충돌,교차로운행방법위반,건조,맑음,교차로 - 교차로안,승용,남,65세 이상,기타불명,화물,남,65세 이상,경상
2024032418,2024년 3월,주간,경상남도 양산시,경상사고,0,0,1,0,차대차 - 충돌,교차로운행방법위반,건조,맑음,교차로 - 교차로안,화물,남,65세 이상,상해없음,승용,남,51-60세,경상
2024032613,2024년 3월,야간,경상남도 양산시,경상사고,0,0,1,0,차대사람 - 기타,안전운전불이행,건조,맑음,단일로 - 기타,승용,남,65세 이상,상해없음,보행자,여,21-30세,경상
2024032633,2024년 3월,야간,경상남도 양산시,경상사고,0,0,1,1,차대차 - 충돌,신호위반,건조,맑음,교차로 - 교차로안,원동기,남,51-60세,부상신고,승용,남,21-30세,경상
2024032692,2024년 3월,야간,경상남도 양산시,부상신고사고,0,0,0,1,차대차 - 추돌,안전운전불이행,건조,맑음,단일로 - 기타,승용,남,31-40세,부상신고,화물,남,41-50세,상해없음
2024032929,2024년 3월,주간,경상남도 양산시,중상사고,0,1,1,0,차대차 - 충돌,신호위반,건조,맑음,교차로 - 교차로안,승용,남,65세 이상,상해없음,승용,남,61-64세,중상
2024033090,2024년 3월,야간,경상남도 양산시,중상사고,0,2,1,0,차대차 - 충돌,신호위반,건조,맑음,교차로 - 교차로횡단보도내,이륜,남,41-50세,상해없음,자전거,남,21-30세,중상
2024033338,2024년 3월,주간,경상남도 양산시,경상사고,0,0,1,0,차대사람 - 횡단중,보행자보호의무위반,건조,맑음,교차로 - 교차로횡단보도내,승용,여,61-64세,상해없음,보행자,여,51-60세,경상
2024033339,2024년 3월,주간,경상남도 양산시,중상사고,0,1,0,0,차대사람 - 횡단중,보행자보호의무위반,건조,맑음,교차로 - 교차로횡단보도내,승용,남,41-50세,상해없음,보행자,남,41-50세,중상
2024033451,2024년 3월,주간,경상남도 양산시,경상사고,0,0,1,0,차대차 - 기타,중앙선침범,건조,맑음,단일로 - 기타,승용,남,21-30세,상해없음,이륜,남,41-50세,경상
2024033542,2024년 3월,야간,경상남도 양산시,경상사고,0,0,1,0,차대차 - 충돌,신호위반,건조,맑음,교차로 - 교차로안,승용,여,65세 이상,상해없음,승용,남,65세 이상,경상
2024033577,2024년 3월,야간,경상남도 양산시,중상사고,0,1,0,0,차대차 - 충돌,안전거리미확보,건조,맑음,단일로 - 기타,승용,남,41-50세,상해없음,원동기,남,13-20세,중상
2024033916,2024년 3월,주간,경상남도 양산시,사망사고,1,2,0,0,차량단독 - 충돌,기타,건조,흐림,단일로 - 기타,승용,남,65세 이상,중상,,,,
2024033951,2024년 3월,주간,경상남도 양산시,경상사고,0,0,1,0,차대차 - 기타,신호위반,건조,맑음,교차로 - 교차로안,승용,남,41-50세,상해없음,원동기,여,41-50세,경상
2024034075,2024년 3월,야간,경상남도 양산시,중상사고,0,1,0,0,차대사람 - 기타,안전운전불이행,건조,맑음,교차로 - 교차로안,승합,남,65세 이상,상해없음,보행자,여,65세 이상,중상
2024034114,2024년 3월,야간,경상남도 양산시,경상사고,0,0,3,0,차대차 - 충돌,안전운전불이행,건조,흐림,교차로 - 교차로안,승용,남,51-60세,경상,승용,여,21-30세,경상
2024034205,2024년 3월,주간,경상남도 양산시,경상사고,0,0,1,0,차대차 - 추돌,안전거리미확보,건조,맑음,교차로 - 교차로부근,승용,남,41-50세,상해없음,승합,남,61-64세,경상
2024034291,2024년 3월,주간,경상남도 양산시,경상사고,0,0,2,0,차대차 - 충돌,신호위반,건조,맑음,교차로 - 교차로안,승용,여,41-50세,상해없음,승용,남,41-50세,경상
2024034500,2024년 3월,야간,경상남도 양산시,경상사고,0,0,1,0,차대차 - 충돌,안전거리미확보,젖음/습기,비,단일로 - 기타,승합,남,65세 이상,상해없음,승용,여,21-30세,경상
2024034623,2024년 3월,야간,경상남도 양산시,중상사고,0,2,0,0,차량단독 - 충돌,안전운전불이행,건조,맑음,단일로 - 기타,승용,남,21-30세,중상,,,,
2024034721,2024년 3월,주간,경상남도 양산시,경상사고,0,0,1,0,차대차 - 추돌,안전운전불이행,건조,맑음,단일로 - 기타,승용,여,41-50세,상해없음,승용,여,31-40세,경상
2024035027,2024년 3월,야간,경상남도 양산시,중상사고,0,2,0,0,차대차 - 충돌,교차로운행방법위반,건조,맑음,단일로 - 기타,승용,남,61-64세,중상,승용,남,51-60세,중상
2024035471,2024년 3월,주간,경상남도 양산시,경상사고,0,0,1,0,차대차 - 충돌,안전운전불이행,건조,맑음,교차로 - 교차로안,승용,남,51-60세,상해없음,승용,남,31-40세,경상
2024035523,2024년 3월,주간,경상남도 양산시,부상신고사고,0,0,0,2,차대차 - 충돌,교차로운행방법위반,건조,맑음,교차로 - 교차로안,승용,여,41-50세,상해없음,승용,여,51-60세,부상신고
2024035627,2024년 3월,야간,경상남도 양산시,경상사고,0,0,1,0,차대차 - 충돌,안전운전불이행,건조,맑음,교차로 - 교차로안,승용,남,41-50세,상해없음,승용,여,51-60세,경상
2024035887,2024년 3월,주간,경상남도 양산시,부상신고사고,0,0,0,1,차대차 - 충돌,교차로운행방법위반,건조,맑음,교차로 - 교차로안,승용,남,31-40세,상해없음,승용,여,41-50세,부상신고
2024035927,2024년 3월,주간,경상남도 양산시,중상사고,0,1,1,0,차대차 - 충돌,기타,건조,맑음,교차로 - 교차로안,승용,남,41-50세,상해없음,승용,여,65세 이상,중상
2024036364,2024년 3월,주간,경상남도 양산시,중상사고,0,1,0,0,차대차 - 충돌,교차로운행방법위반,건조,맑음,교차로 - 교차로안,승용,남,41-50세,상해없음,승용,여,51-60세,중상
2024036704,2024년 3월,야간,경상남도 양산시,중상사고,0,1,0,0,차대차 - 충돌,신호위반,건조,맑음,교차로 - 교차로안,이륜,남,51-60세,상해없음,이륜,남,31-40세,중상
2024036788,2024년 3월,야간,경상남도 양산시,경상사고,0,0,1,0,차대차 - 충돌,안전거리미확보,건조,맑음,단일로 - 기타,승용,남,31-40세,상해없음,승용,여,31-40세,경상
2024036962,2024년 3월,주간,경상남도 양산시,경상사고,0,0,1,1,차대차 - 충돌,안전운전불이행,건조,맑음,단일로 - 기타,승용,여,41-50세,상해없음,승용,남,61-64세,부상신고
2024036997,2024년 3월,주간,경상남도 양산시,경상사고,0,0,1,0,차대사람 - 기타,안전운전불이행,건조,맑음,주차장 - 주차장,승용,남,65세 이상,상해없음,보행자,남,12세 이하,경상
2024037137,2024년 3월,야간,경상남도 양산시,중상사고,0,1,0,0,차대사람 - 횡단중,보행자보호의무위반,건조,맑음,단일로 - 기타,승용,남,65세 이상,상해없음,보행자,남,61-64세,중상
2024037209,2024년 3월,주간,경상남도 양산시,경상사고,0,0,1,0,차대차 - 충돌,안전거리미확보,건조,맑음,단일로 - 기타,승용,여,51-60세,상해없음,승용,남,61-64세,경상
2024037210,2024년 3월,주간,경상남도 양산시,경상사고,0,0,3,0,차대차 - 충돌,안전거리미확보,건조,맑음,교차로 - 교차로부근,승용,여,41-50세,경상,승용,남,21-30세,경상
2024037437,2024년 3월,주간,경상남도 양산시,경상사고,0,0,1,0,차대차 - 추돌,안전운전불이행,건조,맑음,단일로 - 기타,화물,남,65세 이상,상해없음,건설기계,남,41-50세,경상
2024037635,2024년 3월,야간,경상남도 양산시,경상사고,0,0,1,0,차대차 - 충돌,안전운전불이행,건조,맑음,교차로 - 교차로부근,승용,남,31-40세,상해없음,승용,남,51-60세,경상
2024037855,2024년 3월,주간,경상남도 양산시,중상사고,0,1,0,0,차량단독 - 기타,기타,건조,맑음,단일로 - 지하차도(도로)내,화물,남,65세 이상,상해없음,,,,
2024037992,2024년 3월,주간,경상남도 양산시,중상사고,0,1,0,0,차대차 - 충돌,안전거리미확보,건조,맑음,단일로 - 기타,승용,남,41-50세,상해없음,승용,남,61-64세,중상
2024038448,2024년 3월,주간,경상남도 양산시,경상사고,0,0,1,0,차대차 - 충돌,신호위반,건조,맑음,교차로 - 교차로안,이륜,남,41-50세,상해없음,승합,남,65세 이상,경상
2024038705,2024년 3월,야간,경상남도 양산시,경상사고,0,0,1,0,차대차 - 충돌,기타,건조,맑음,교차로 - 교차로안,이륜,남,41-50세,상해없음,승용,남,31-40세,경상
2024038797,2024년 3월,야간,경상남도 양산시,경상사고,0,0,1,0,차대차 - 충돌,신호위반,건조,맑음,교차로 - 교차로안,이륜,남,21-30세,상해없음,승용,남,21-30세,경상
2024038935,2024년 3월,주간,경상남도 양산시,중상사고,0,1,0,0,차대차 - 충돌,안전운전불이행,건조,맑음,교차로 - 교차로안,승용,남,51-60세,상해없음,이륜,남,31-40세,중상
2024039396,2024년 3월,주간,경상남도 양산시,경상사고,0,0,1,0,차대사람 - 횡단중,안전운전불이행,건조,맑음,단일로 - 기타,승용,남,21-30세,상해없음,보행자,남,41-50세,경상
2024039418,2024년 3월,주간,경상남도 양산시,경상사고,0,0,2,0,차대차 - 충돌,안전운전불이행,건조,맑음,교차로 - 교차로안,화물,남,51-60세,상해없음,화물,남,21-30세,경상
2024039460,2024년 3월,주간,경상남도 양산시,경상사고,0,0,1,0,차대차 - 충돌,안전거리미확보,건조,맑음,단일로 - 기타,승용,여,41-50세,상해없음,승용,남,51-60세,경상
2024039502,2024년 3월,주간,경상남도 양산시,경상사고,0,0,1,0,차대차 - 충돌,안전거리미확보,건조,맑음,단일로 - 기타,승용,여,51-60세,상해없음,승용,남,31-40세,경상
2024039613,2024년 3월,주간,경상남도 양산시,경상사고,0,0,1,0,차대차 - 충돌,안전운전불이행,건조,맑음,단일로 - 기타,승용,여,61-64세,상해없음,승용,여,21-30세,상해없음
2024040068,2024년 3월,야간,경상남도 양산시,중상사고,0,1,0,0,차대사람 - 횡단중,보행자보호의무위반,건조,맑음,교차로 - 교차로횡단보도내,화물,남,41-50세,상해없음,보행자,남,61-64세,중상
2024040308,2024년 3월,주간,경상남도 양산시,중상사고,0,1,0,1,차대차 - 충돌,안전운전불이행,건조,맑음,교차로 - 교차로안,승용,남,21-30세,부상신고,이륜,남,51-60세,중상
2024040349,2024년 3월,주간,경상남도 양산시,중상사고,0,1,0,0,차대차 - 충돌,교차로운행방법위반,건조,맑음,단일로 - 기타,승용,남,51-60세,상해없음,이륜,남,41-50세,중상
2024040591,2024년 3월,야간,경상남도 양산시,중상사고,0,1,0,0,차량단독 - 충돌,안전운전불이행,젖음/습기,흐림,단일로 - 기타,승용,남,41-50세,중상,,,,
2024040629,2024년 3월,주간,경상남도 양산시,경상사고,0,0,1,0,차대차 - 충돌,교차로운행방법위반,건조,맑음,교차로 - 교차로안,화물,남,31-40세,상해없음,승용,남,41-50세,경상
2024040666,2024년 3월,주간,경상남도 양산시,경상사고,0,0,1,0,차대차 - 충돌,안전운전불이행,건조,맑음,단일로 - 기타,승용,여,51-60세,상해없음,승용,남,31-40세,경상
2024040843,2024년 3월,주간,경상남도 양산시,경상사고,0,0,1,0,차대차 - 충돌,신호위반,건조,맑음,교차로 - 교차로안,승용,여,51-60세,상해없음,화물,남,21-30세,경상
2024040877,2024년 3월,야간,경상남도 양산시,경상사고,0,0,1,0,차대사람 - 횡단중,보행자보호의무위반,건조,맑음,교차로 - 교차로안,승용,여,61-64세,상해없음,보행자,여,13-20세,경상
2024041296,2024년 3월,주간,경상남도 양산시,경상사고,0,0,1,0,차대차 - 충돌,기타,젖음/습기,비,교차로 - 교차로안,화물,남,31-40세,상해없음,승용,여,61-64세,경상
2024041419,2024년 3월,야간,경상남도 양산시,경상사고,0,0,1,0,차대차 - 충돌,기타,건조,맑음,교차로 - 교차로안,승용,남,51-60세,상해없음,승합,남,41-50세,경상
2024041457,2024년 3월,야간,경상남도 양산시,경상사고,0,0,1,0,차대차 - 추돌,안전거리미확보,건조,맑음,단일로 - 기타,승용,남,21-30세,상해없음,승용,남,41-50세,경상
2024041997,2024년 3월,야간,경상남도 양산시,경상사고,0,0,1,0,차대차 - 충돌,안전운전불이행,건조,맑음,단일로 - 기타,승용,여,51-60세,상해없음,승용,남,51-60세,경상
2024042209,2024년 3월,주간,경상남도 양산시,경상사고,0,0,1,0,차대차 - 충돌,안전운전불이행,건조,맑음,교차로 - 교차로안,승용,남,51-60세,상해없음,승용,여,41-50세,경상
2024042236,2024년 3월,주간,경상남도 양산시,중상사고,0,1,0,0,차대차 - 충돌,신호위반,건조,맑음,교차로 - 교차로안,승용,여,65세 이상,상해없음,이륜,남,61-64세,중상
2024042315,2024년 3월,주간,경상남도 양산시,중상사고,0,1,0,0,차대차 - 충돌,안전거리미확보,건조,맑음,단일로 - 기타,승용,남,65세 이상,상해없음,승용,여,61-64세,중상
2024042348,2024년 3월,주간,경상남도 양산시,중상사고,0,1,0,0,차대차 - 추돌,안전운전불이행,건조,맑음,단일로 - 기타,승용,남,65세 이상,상해없음,자전거,남,65세 이상,중상
2024042790,2024년 3월,주간,경상남도 양산시,중상사고,0,1,0,0,차대사람 - 횡단중,신호위반,젖음/습기,비,교차로 - 교차로횡단보도내,승용,여,61-64세,상해없음,보행자,여,65세 이상,중상
2024042906,2024년 3월,주간,경상남도 양산시,경상사고,0,0,2,1,차대차 - 추돌,안전거리미확보,젖음/습기,비,단일로 - 기타,화물,남,51-60세,상해없음,승용,남,41-50세,경상
2024042914,2024년 3월,주간,경상남도 양산시,경상사고,0,0,1,0,차대차 - 충돌,신호위반,젖음/습기,비,교차로 - 교차로안,승용,여,51-60세,상해없음,승용,남,41-50세,경상
2024043010,2024년 3월,야간,경상남도 양산시,경상사고,0,0,3,0,차대차 - 충돌,교차로운행방법위반,건조,맑음,교차로 - 교차로안,승용,남,61-64세,상해없음,승용,남,21-30세,경상
2024043089,2024년 3월,야간,경상남도 양산시,경상사고,0,0,1,0,차대차 - 충돌,신호위반,건조,맑음,교차로 - 교차로안,원동기,남,21-30세,상해없음,승용,남,31-40세,경상
2024043144,2024년 3월,야간,경상남도 양산시,부상신고사고,0,0,0,1,차대사람 - 기타,교차로운행방법위반,건조,맑음,교차로 - 교차로안,승용,여,65세 이상,상해없음,보행자,남,51-60세,부상신고
2024043307,2024년 3월,주간,경상남도 양산시,경상사고,0,0,1,0,차대차 - 기타,안전거리미확보,건조,맑음,교차로 - 교차로안,승용,여,41-50세,상해없음,승용,남,51-60세,상해없음
2024043364,2024년 3월,주간,경상남도 양산시,경상사고,0,0,1,2,차량단독 - 충돌,안전운전불이행,건조,맑음,단일로 - 기타,승용,여,65세 이상,경상,,,,
2024043365,2024년 3월,주간,경상남도 양산시,경상사고,0,0,2,0,차대차 - 충돌,안전운전불이행,건조,맑음,단일로 - 기타,화물,남,51-60세,상해없음,승용,남,51-60세,경상
2024043544,2024년 3월,주간,경상남도 양산시,중상사고,0,1,1,0,차대차 - 추돌,안전거리미확보,건조,맑음,교차로 - 교차로안,화물,남,51-60세,상해없음,승용,남,41-50세,경상
2024044025,2024년 3월,주간,경상남도 양산시,중상사고,0,1,0,0,차대사람 - 횡단중,안전운전불이행,건조,맑음,단일로 - 기타,승용,여,61-64세,상해없음,보행자,여,61-64세,중상