구분번호,발생년월,주야,시군구,사고내용,사망자수,중상자수,경상자수,부상신고자수,사고유형,법규위반,노면상태,기상상태,도로형태,가해운전자 차종,가해운전자 성별,가해운전자 연령대,가해운전자 상해정도,피해운전자 차종,피해운전자 성별,피해운전자 연령대,피해운전자 상해정도
2024066417,2024년 5월,주간,경상남도 양산시,경상사고,0,0,1,0,차대사람 - 길가장자리구역통행중,안전운전불이행,건조,맑음,단일로 - 기타,승용,여,65세 이상,상해없음,보행자,여,65세 이상,경상
2024066542,2024년 5월,주간,경상남도 양산시,경상사고,0,0,1,0,차대차 - 충돌,신호위반,건조,맑음,교차로 - 교차로안,화물,남,65세 이상,상해없음,승용,남,61-64세,경상
2024066543,2024년 5월,주간,경상남도 양산시,경상사고,0,0,1,0,차대차 - 충돌,안전운전불이행,건조,맑음,단일로 - 기타,승용,남,51-60세,상해없음,승용,남,21-30세,경상
2024066599,2024년 5월,주간,경상남도 양산시,경상사고,0,0,1,0,차대사람 - 기타,안전운전불이행,건조,맑음,단일로 - 기타,화물,남,65세 이상,상해없음,보행자,남,51-60세,경상
2024066763,2024년 5월,야간,경상남도 양산시,경상사고,0,0,2,0,차대사람 - 횡단중,보행자보호의무위반,건조,맑음,교차로 - 교차로안,이륜,남,21-30세,상해없음,보행자,여,41-50세,경상
2024067063,2024년 5월,주간,경상남도 양산시,중상사고,0,1,0,0,차대차 - 충돌,안전운전불이행,건조,맑음,단일로 - 기타,승용,여,41-50세,상해없음,자전거,남,12세 이하,중상
2024067158,2024년 5월,야간,경상남도 양산시,경상사고,0,0,1,0,차대사람 - 횡단중,안전운전불이행,건조,맑음,단일로 - 기타,승용,남,41-50세,상해없음,보행자,여,12세 이하,경상
2024067251,2024년 5월,야간,경상남도 양산시,중상사고,0,1,0,0,차대차 - 충돌,안전운전불이행,건조,맑음,교차로 - 교차로안,승용,남,61-64세,상해없음,이륜,남,31-40세,중상
2024067770,2024년 5월,야간,경상남도 양산시,경상사고,0,0,1,0,차대차 - 추돌,안전운전불이행,건조,맑음,단일로 - 기타,승용,남,51-60세,상해없음,승용,여,31-40세,경상
2024067811,2024년 5월,야간,경상남도 양산시,경상사고,0,0,1,0,차대차 - 충돌,교차로운행방법위반,건조,맑음,교차로 - 교차로안,화물,남,51-60세,상해없음,승용,남,65세 이상,경상
2024067852,2024년 5월,주간,경상남도 양산시,경상사고,0,0,1,0,차대차 - 충돌,교차로운행방법위반,건조,맑음,교차로 - 교차로안,화물,남,31-40세,상해없음,승용,남,51-60세,경상
2024068073,2024년 5월,주간,경상남도 양산시,중상사고,0,1,0,0,차대차 - 충돌,중앙선침범,건조,맑음,단일로 - 기타,승용,여,51-60세,상해없음,이륜,남,31-40세,중상
2024068144,2024년 5월,주간,경상남도 양산시,중상사고,0,1,0,0,차대사람 - 횡단중,안전운전불이행,건조,맑음,교차로 - 교차로부근,승용,남,65세 이상,기타불명,보행자,여,51-60세,중상
2024068188,2024년 5월,주간,경상남도 양산시,중상사고,0,1,1,0,차대차 - 충돌,안전운전불이행,건조,맑음,주차장 - 주차장,승용,여,41-50세,상해없음,승용,남,41-50세,중상
2024068438,2024년 5월,주간,경상남도 양산시,중상사고,0,1,1,0,차대차 - 충돌,교차로운행방법위반,건조,맑음,교차로 - 교차로안,승용,여,51-60세,중상,승용,여,31-40세,경상
2024068481,2024년 5월,주간,경상남도 양산시,경상사고,0,0,1,0,차대차 - 기타,안전운전불이행,건조,맑음,교차로 - 교차로안,승용,남,65세 이상,상해없음,개인형이동수단(PM),여,21-30세,경상
2024068724,2024년 5월,주간,경상남도 양산시,중상사고,0,1,0,0,차대사람 - 횡단중,보행자보호의무위반,건조,맑음,교차로 - 교차로횡단보도내,승합,여,31-40세,상해없음,보행자,여,65세 이상,중상
2024068776,2024년 5월,주간,경상남도 양산시,중상사고,0,1,0,0,차대차 - 기타,안전거리미확보,건조,맑음,단일로 - 기타,이륜,남,41-50세,중상,승용,남,51-60세,기타불명
2024068777,2024년 5월,주간,경상남도 양산시,경상사고,0,0,1,0,차대차 - 충돌,안전거리미확보,건조,맑음,교차로 - 교차로안,승용,여,65세 이상,상해없음,승합,남,41-50세,경상
2024068834,2024년 5월,주간,경상남도 양산시,경상사고,0,0,1,0,차대사람 - 차도통행중,안전운전불이행,건조,맑음,교차로 - 교차로안,승용,남,41-50세,상해없음,보행자,남,51-60세,경상
2024069197,2024년 5월,주간,경상남도 양산시,경상사고,0,0,1,0,차대차 - 충돌,안전거리미확보,건조,맑음,교차로 - 교차로부근,승용,남,61-64세,상해없음,승용,남,31-40세,경상
2024069230,2024년 5월,주간,경상남도 양산시,중상사고,0,1,0,0,차대차 - 충돌,안전운전불이행,건조,맑음,단일로 - 기타,이륜,남,51-60세,중상,승용,남,21-30세,상해없음
2024069231,2024년 5월,주간,경상남도 양산시,중상사고,0,1,0,0,차량단독 - 충돌,안전운전불이행,건조,맑음,단일로 - 기타,승용,여,51-60세,상해없음,,,,
2024069232,2024년 5월,주간,경상남도 양산시,중상사고,0,1,0,0,차대차 - 충돌,중앙선침범,건조,맑음,단일로 - 기타,승용,남,65세 이상,상해없음,승용,남,65세 이상,중상
2024069233,2024년 5월,주간,경상남도 양산시,경상사고,0,0,1,0,차대사람 - 기타,안전운전불이행,건조,맑음,단일로 - 기타,승용,남,31-40세,상해없음,보행자,남,51-60세,경상
2024069604,2024년 5월,주간,경상남도 양산시,중상사고,0,1,0,0,차대차 - 충돌,안전거리미확보,건조,맑음,단일로 - 기타,승용,남,51-60세,상해없음,승용,남,51-60세,중상
2024069905,2024년 5월,주간,경상남도 양산시,경상사고,0,0,1,0,차대차 - 추돌,안전운전불이행,건조,맑음,교차로 - 교차로안,승용,남,61-64세,상해없음,승용,남,41-50세,경상
2024069906,2024년 5월,주간,경상남도 양산시,경상사고,0,0,1,0,차대차 - 충돌,안전운전불이행,건조,맑음,교차로 - 교차로안,이륜,남,21-30세,상해없음,원동기,남,31-40세,경상
2024069907,2024년 5월,주간,경상남도 양산시,경상사고,0,0,1,0,차대차 - 충돌,안전거리미확보,건조,맑음,교차로 - 교차로부근,승용,여,21-30세,상해없음,승용,여,51-60세,경상
2024070351,2024년 5월,주간,경상남도 양산시,부상신고사고,0,0,0,1,차대차 - 충돌,신호위반,건조,맑음,교차로 - 교차로횡단보도내,이륜,남,21-30세,상해없음,자전거,남,65세 이상,부상신고
2024070798,2024년 5월,주간,경상남도 양산시,중상사고,0,1,1,0,차대차 - 충돌,신호위반,건조,맑음,교차로 - 교차로안,승용,남,65세 이상,경상,이륜,남,41-50세,중상
2024071030,2024년 5월,주간,경상남도 양산시,경상사고,0,0,1,0,차대차 - 충돌,안전운전불이행,건조,맑음,교차로 - 교차로안,승용,남,51-60세,상해없음,자전거,남,13-20세,경상
2024071031,2024년 5월,주간,경상남도 양산시,경상사고,0,0,1,0,차대차 - 충돌,안전거리미확보,건조,맑음,단일로 - 기타,승용,여,41-50세,상해없음,승용,남,21-30세,경상
2024071660,2024년 5월,야간,경상남도 양산시,중상사고,0,1,0,0,차대사람 - 보도통행중,안전운전불이행,건조,맑음,단일로 - 기타,자전거,남,20세 이하,상해없음,보행자,여,65세 이상,중상
2024071855,2024년 5월,주간,경상남도 양산시,사망사고,1,0,0,0,차대사람 - 횡단중,보행자보호의무위반,건조,맑음,교차로 - 교차로횡단보도내,화물,남,41-50세,상해없음,보행자,여,65세 이상,사망
2024072095,2024년 5월,주간,경상남도 양산시,경상사고,0,0,1,0,차대차 - 기타,안전운전불이행,건조,맑음,단일로 - 기타,승용,여,21-30세,상해없음,승용,여,51-60세,경상
2024072232,2024년 5월,야간,경상남도 양산시,경상사고,0,0,1,0,차대차 - 추돌,안전운전불이행,건조,맑음,단일로 - 기타,승용,남,61-64세,상해없음,화물,남,41-50세,경상
2024072274,2024년 5월,야간,경상남도 양산시,사망사고,1,0,1,0,차량단독 - 충돌,안전운전불이행,건조,맑음,단일로 - 기타,이륜,남,20세 이하,사망,,,,
2024072436,2024년 5월,주간,경상남도 양산시,중상사고,0,1,1,0,차량단독 - 충돌,안전운전불이행,건조,맑음,단일로 - 기타,승합,남,51-60세,상해없음,,,,
2024072523,2024년 5월,주간,경상남도 양산시,중상사고,0,1,0,0,차대차 - 충돌,안전운전불이행,건조,맑음,단일로 - 기타,승용,여,61-64세,상해없음,이륜,남,65세 이상,중상
2024072790,2024년 5월,야간,경상남도 양산시,부상신고사고,0,0,0,1,차대차 - 충돌,안전운전불이행,건조,맑음,교차로 - 교차로안,이륜,남,31-40세,부상신고,승용,여,51-60세,상해없음
2024073137,2024년 5월,주간,경상남도 양산시,경상사고,0,0,1,0,차대차 - 충돌,안전거리미확보,건조,맑음,단일로 - 기타,특수,남,51-60세,상해없음,승용,남,21-30세,경상
2024073439,2024년 5월,야간,경상남도 양산시,부상신고사고,0,0,0,1,차량단독 - 전도전복,안전운전불이행,건조,맑음,단일로 - 기타,개인형이동수단(PM),남,41-50세,부상신고,,,,
2024073540,2024년 5월,주간,경상남도 양산시,경상사고,0,0,1,0,차대차 - 충돌,기타,건조,맑음,교차로 - 교차로안,승용,여,41-50세,상해없음,승합,남,31-40세,경상
2024074165,2024년 5월,주간,경상남도 양산시,경상사고,0,0,1,0,차대차 - 충돌,안전거리미확보,건조,맑음,단일로 - 기타,건설기계,남,51-60세,상해없음,화물,남,51-60세,경상
2024074366,2024년 5월,주간,경상남도 양산시,경상사고,0,0,1,0,차대차 - 충돌,안전운전불이행,건조,맑음,단일로 - 기타,승합,남,61-64세,상해없음,승용,여,41-50세,경상
2024074524,2024년 5월,야간,경상남도 양산시,부상신고사고,0,0,0,1,차대차 - 기타,안전운전불이행,건조,맑음,교차로 - 교차로부근,개인형이동수단(PM),남,20세 이하,부상신고,승용,여,41-50세,상해없음
2024075250,2024년 5월,야간,경상남도 양산시,중상사고,0,2,0,0,차대차 - 충돌,신호위반,건조,맑음,교차로 - 교차로안,승용,남,51-60세,중상,승용,남,65세 이상,중상
2024075371,2024년 5월,주간,경상남도 양산시,사망사고,1,0,0,0,차량단독 - 충돌,안전운전불이행,건조,맑음,단일로 - 기타,이륜,남,65세 이상,사망,,,,
2024075793,2024년 5월,주간,경상남도 양산시,경상사고,0,0,1,0,차대차 - 추돌,안전거리미확보,건조,맑음,단일로 - 기타,화물,남,41-50세,상해없음,승용,남,31-40세,경상
2024075794,2024년 5월,주간,경상남도 양산시,경상사고,0,0,1,0,차대차 - 충돌,안전거리미확보,건조,맑음,교차로 - 교차로부근,화물,남,65세 이상,상해없음,승용,여,21-30세,경상
2024076013,2024년 5월,주간,경상남도 양산시,중상사고,0,1,0,0,차대사람 - 기타,보행자보호의무위반,건조,맑음,교차로 - 교차로안,특수,남,51-60세,상해없음,보행자,남,65세 이상,중상
2024076269,2024년 5월,야간,경상남도 양산시,중상사고,0,1,1,1,차대차 - 충돌,교차로운행방법위반,건조,맑음,교차로 - 교차로안,승용,남,31-40세,부상신고,화물,남,31-40세,경상
2024076280,2024년 5월,야간,경상남도 양산시,중상사고,0,2,0,0,차대차 - 충돌,기타,건조,맑음,단일로 - 기타,특수,남,61-64세,상해없음,승용,남,31-40세,중상
2024076542,2024년 5월,주간,경상남도 양산시,경상사고,0,0,1,0,차대차 - 충돌,교차로운행방법위반,건조,맑음,교차로 - 교차로안,건설기계,남,51-60세,상해없음,승합,남,41-50세,경상
2024076574,2024년 5월,주간,경상남도 양산시,경상사고,0,0,1,0,차대차 - 충돌,교차로운행방법위반,건조,맑음,교차로 - 교차로안,승합,남,61-64세,상해없음,승용,남,21-30세,경상
2024076620,2024년 5월,주간,경상남도 양산시,경상사고,0,0,1,0,차대차 - 기타,신호위반,건조,맑음,교차로 - 교차로안,이륜,남,20세 이하,상해없음,자전거,남,12세 이하,경상
2024076621,2024년 5월,주간,경상남도 양산시,중상사고,0,1,2,0,차대차 - 추돌,안전운전불이행,건조,맑음,단일로 - 기타,화물,남,61-64세,상해없음,특수,남,41-50세,중상
2024076701,2024년 5월,주간,경상남도 양산시,경상사고,0,0,1,0,차대차 - 충돌,안전거리미확보,건조,맑음,단일로 - 기타,승용,여,51-60세,상해없음,승용,여,31-40세,경상
2024077145,2024년 5월,주간,경상남도 양산시,경상사고,0,0,1,0,차대차 - 충돌,안전운전불이행,건조,맑음,단일로 - 기타,승용,여,41-50세,상해없음,승용,여,61-64세,경상
2024077216,2024년 5월,주간,경상남도 양산시,경상사고,0,0,1,0,차대차 - 기타,안전운전불이행,건조,맑음,단일로 - 기타,이륜,남,65세 이상,경상,화물,남,51-60세,기타불명
2024077217,2024년 5월,주간,경상남도 양산시,경상사고,0,0,1,0,차대차 - 추돌,안전운전불이행,건조,맑음,단일로 - 기타,화물,남,51-60세,상해없음,승용,남,21-30세,경상
2024077277,2024년 5월,주간,경상남도 양산시,경상사고,0,0,1,0,차대차 - 기타,안전거리미확보,건조,맑음,단일로 - 기타,승용,남,41-50세,상해없음,승용,여,31-40세,경상
2024077359,2024년 5월,야간,경상남도 양산시,경상사고,0,0,2,0,차량단독 - 기타,안전운전불이행,건조,맑음,단일로 - 기타,승합,남,51-60세,상해없음,,,,
2024077763,2024년 5월,주간,경상남도 양산시,경상사고,0,0,1,0,차대차 - 충돌,중앙선침범,건조,흐림,교차로 - 교차로부근,자전거,남,20세 이하,경상,승용,남,21-30세,상해없음
2024077803,2024년 5월,주간,경상남도 양산시,경상사고,0,0,1,0,차대차 - 충돌,안전거리미확보,건조,흐림,단일로 - 기타,승용,남,51-60세,상해없음,승용,여,51-60세,경상
2024078262,2024년 5월,주간,경상남도 양산시,경상사고,0,0,1,0,차대차 - 충돌,안전운전불이행,건조,맑음,단일로 - 기타,승용,여,41-50세,상해없음,승용,여,31-40세,경상
2024078406,2024년 5월,주간,경상남도 양산시,부상신고사고,0,0,0,1,차대차 - 충돌,안전거리미확보,건조,맑음,단일로 - 기타,이륜,남,41-50세,부상신고,승용,남,51-60세,상해없음
2024078407,2024년 5월,주간,경상남도 양산시,경상사고,0,0,1,0,차대차 - 충돌,안전운전불이행,건조,맑음,단일로 - 기타,승용,남,51-60세,상해없음,화물,남,41-50세,상해없음
2024078767,2024년 6월,주간,경상남도 양산시,경상사고,0,0,1,0,차대차 - 추돌,안전운전불이행,건조,맑음,단일로 - 기타,승용,남,41-50세,상해없음,승용,여,51-60세,경상
2024079081,2024년 6월,야간,경상남도 양산시,경상사고,0,0,2,0,차대차 - 추돌,안전운전불이행,건조,맑음,교차로 - 교차로안,승용,여,21-30세,상해없음,승용,여,51-60세,경상
2024080108,2024년 6월,야간,경상남도 양산시,경상사고,0,0,1,0,차대차 - 충돌,기타,건조,맑음,교차로 - 교차로안,이륜,남,41-50세,상해없음,승용,여,21-30세,경상
2024080167,2024년 6월,야간,경상남도 양산시,경상사고,0,0,1,0,차대차 - 추돌,안전운전불이행,건조,맑음,교차로 - 교차로안,승용,남,41-50세,상해없음,승용,남,51-60세,경상
2024080196,2024년 6월,야간,경상남도 양산시,경상사고,0,0,1,0,차대차 - 추돌,안전거리미확보,건조,맑음,단일로 - 기타,승용,여,41-50세,상해없음,승용,남,31-40세,경상
2024080242,2024년 6월,주간,경상남도 양산시,중상사고,0,1,0,0,차대차 - 기타,안전운전불이행,건조,맑음,단일로 - 기타,승합,남,41-50세,상해없음,자전거,여,65세 이상,중상
2024080304,2024년 6월,주간,경상남도 양산시,중상사고,0,1,3,0,차대차 - 추돌,안전거리미확보,건조,맑음,단일로 - 기타,승용,남,61-64세,경상,승용,여,41-50세,경상
2024080387,2024년 6월,주간,경상남도 양산시,경상사고,0,0,3,0,차대차 - 충돌,교차로운행방법위반,건조,맑음,교차로 - 교차로안,승용,남,65세 이상,경상,승용,남,61-64세,경상
2024080417,2024년 6월,주간,경상남도 양산시,경상사고,0,0,1,0,차대차 - 충돌,교차로운행방법위반,건조,맑음,교차로 - 교차로안,승용,여,51-60세,경상,화물,남,41-50세,상해없음
2024080448,2024년 6월,주간,경상남도 양산시,중상사고,0,1,0,0,차대차 - 기타,중앙선침범,건조,맑음,교차로 - 교차로부근,자전거,남,51-60세,중상,승용,남,31-40세,상해없음
2024080471,2024년 6월,주간,경상남도 양산시,경상사고,0,0,1,0,차대사람 - 횡단중,신호위반,건조,맑음,단일로 - 기타,이륜,여,41-50세,상해없음,보행자,남,41-50세,경상
2024080666,2024년 6월,야간,경상남도 양산시,중상사고,0,1,0,0,차대사람 - 기타,안전운전불이행,건조,맑음,단일로 - 기타,승용,남,61-64세,상해없음,보행자,남,51-60세,중상
2024080740,2024년 6월,야간,경상남도 양산시,경상사고,0,0,1,0,차대차 - 충돌,안전거리미확보,건조,맑음,단일로 - 기타,승용,남,20세 이하,상해없음,이륜,남,21-30세,경상
2024081495,2024년 6월,주간,경상남도 양산시,중상사고,0,1,0,0,차대차 - 충돌,교차로운행방법위반,건조,맑음,교차로 - 교차로안,승용,남,65세 이상,상해없음,자전거,여,65세 이상,중상
2024081496,2024년 6월,주간,경상남도 양산시,중상사고,0,1,0,1,차대차 - 추돌,안전거리미확보,건조,맑음,기타 - 기타,자전거,남,61-64세,중상,자전거,남,41-50세,부상신고
2024081651,2024년 6월,주간,경상남도 양산시,경상사고,0,0,1,0,차대차 - 충돌,교차로운행방법위반,건조,맑음,교차로 - 교차로안,승용,여,41-50세,상해없음,이륜,남,41-50세,경상
2024081853,2024년 6월,야간,경상남도 양산시,중상사고,0,1,0,0,차대차 - 충돌,신호위반,건조,맑음,교차로 - 교차로안,승용,남,61-64세,상해없음,이륜,남,31-40세,중상
2024081969,2024년 6월,주간,경상남도 양산시,사망사고,1,0,0,0,차대차 - 충돌,안전운전불이행,건조,맑음,단일로 - 기타,승용,여,51-60세,상해없음,자전거,남,65세 이상,사망
2024081970,2024년 6월,주간,경상남도 양산시,중상사고,0,1,1,0,차대차 - 충돌,기타,건조,맑음,교차로 - 교차로안,승용,여,41-50세,중상,승용,여,41-50세,경상
2024081971,2024년 6월,주간,경상남도 양산시,중상사고,0,1,0,0,차대차 - 충돌,신호위반,건조,맑음,교차로 - 교차로안,화물,남,65세 이상,상해없음,승용,여,51-60세,중상
2024082186,2024년 6월,주간,경상남도 양산시,경상사고,0,0,1,0,차대차 - 충돌,안전운전불이행,건조,맑음,교차로 - 교차로안,화물,남,61-64세,상해없음,승용,남,31-40세,경상
2024082253,2024년 6월,주간,경상남도 양산시,부상신고사고,0,0,0,2,차대차 - 충돌,안전거리미확보,건조,맑음,단일로 - 기타,특수,남,41-50세,상해없음,승용,남,61-64세,부상신고
2024082646,2024년 6월,주간,경상남도 양산시,경상사고,0,0,1,0,차대차 - 충돌,기타,건조,맑음,교차로 - 교차로안,화물,남,51-60세,상해없음,승용,여,41-50세,경상
2024082771,2024년 6월,주간,경상남도 양산시,경상사고,0,0,1,0,차대차 - 충돌,신호위반,건조,맑음,교차로 - 교차로안,승용,여,41-50세,상해없음,승용,여,61-64세,경상
2024082956,2024년 6월,주간,경상남도 양산시,중상사고,0,1,0,0,차대차 - 충돌,기타,건조,맑음,교차로 - 교차로안,화물,남,51-60세,상해없음,승용,여,41-50세,중상
2024083078,2024년 6월,주간,경상남도 양산시,경상사고,0,0,1,0,차대차 - 충돌,안전운전불이행,건조,흐림,교차로 - 교차로안,승용,여,21-30세,경상,승용,남,31-40세,상해없음
2024083158,2024년 6월,주간,경상남도 양산시,경상사고,0,0,1,0,차대차 - 충돌,안전거리미확보,건조,맑음,단일로 - 기타,승용,여,61-64세,상해없음,승용,여,51-60세,경상
2024083213,2024년 6월,야간,경상남도 양산시,부상신고사고,0,0,0,1,차대사람 - 기타,안전운전불이행,건조,맑음,단일로 - 기타,승용,여,31-40세,상해없음,보행자,남,12세 이하,부상신고
2024083268,2024년 6월,야간,경상남도 양산시,경상사고,0,0,1,0,차대차 - 추돌,안전운전불이행,건조,맑음,교차로 - 교차로부근,승용,남,31-40세,상해없음,승용,남,61-64세,경상
2024083307,2024년 6월,야간,경상남도 양산시,경상사고,0,0,1,0,차대차 - 충돌,안전운전불이행,건조,맑음,교차로 - 교차로부근,이륜,남,31-40세,기타불명,이륜,남,21-30세,경상
2024083382,2024년 6월,주간,경상남도 양산시,경상사고,0,0,2,0,차대차 - 충돌,안전거리미확보,건조,맑음,단일로 - 기타,화물,남,41-50세,상해없음,승용,남,31-40세,경상
2024083632,2024년 6월,주간,경상남도 양산시,중상사고,0,1,0,0,차대차 - 충돌,안전운전불이행,건조,맑음,교차로 - 교차로안,이륜,여,51-60세,중상,승합,남,31-40세,상해없음
2024084050,2024년 6월,주간,경상남도 양산시,중상사고,0,1,0,0,차대차 - 충돌,교차로운행방법위반,건조,맑음,교차로 - 교차로안,화물,남,51-60세,상해없음,이륜,남,41-50세,중상
2024084137,2024년 6월,주간,경상남도 양산시,경상사고,0,0,1,0,차대차 - 충돌,교차로운행방법위반,건조,맑음,교차로 - 교차로부근,화물,남,31-40세,상해없음,승용,여,51-60세,경상
2024084470,2024년 6월,야간,경상남도 양산시,경상사고,0,0,2,0,차대차 - 충돌,신호위반,건조,맑음,교차로 - 교차로안,승용,남,51-60세,상해없음,승용,여,65세 이상,경상
2024084636,2024년 6월,주간,경상남도 양산시,경상사고,0,0,1,0,차대차 - 충돌,교차로운행방법위반,건조,맑음,교차로 - 교차로안,승용,남,21-30세,상해없음,승용,남,51-60세,경상
2024084664,2024년 6월,주간,경상남도 양산시,경상사고,0,0,1,0,차대차 - 충돌,안전운전불이행,건조,맑음,교차로 - 교차로안,화물,남,65세 이상,상해없음,승용,남,41-50세,경상
2024084728,2024년 6월,주간,경상남도 양산시,경상사고,0,0,3,0,차대차 - 추돌,안전운전불이행,건조,맑음,교차로 - 교차로부근,승용,남,41-50세,경상,승용,남,51-60세,상해없음
2024084765,2024년 6월,주간,경상남도 양산시,경상사고,0,0,1,0,차대차 - 기타,안전운전불이행,건조,맑음,단일로 - 기타,화물,남,41-50세,상해없음,승용,남,51-60세,경상
2024084963,2024년 6월,야간,경상남도 양산시,경상사고,0,0,1,0,차대차 - 기타,안전운전불이행,건조,맑음,교차로 - 교차로부근,승용,남,51-60세,상해없음,승용,남,31-40세,경상
2024085350,2024년 6월,주간,경상남도 양산시,경상사고,0,0,1,0,차대차 - 추돌,안전거리미확보,건조,맑음,교차로 - 교차로안,건설기계,남,41-50세,상해없음,승용,남,51-60세,경상
2024085623,2024년 6월,야간,경상남도 양산시,경상사고,0,0,1,0,차대차 - 기타,신호위반,건조,맑음,교차로 - 교차로안,승용,남,41-50세,상해없음,특수,남,51-60세,경상
2024085776,2024년 6월,주간,경상남도 양산시,경상사고,0,0,1,0,차대차 - 충돌,교차로운행방법위반,건조,맑음,교차로 - 교차로안,승용,남,41-50세,상해없음,화물,남,41-50세,경상
2024085944,2024년 6월,주간,경상남도 양산시,중상사고,0,1,0,0,차대차 - 충돌,안전운전불이행,건조,맑음,교차로 - 교차로안,화물,남,61-64세,상해없음,승용,여,51-60세,중상
2024085996,2024년 6월,주간,경상남도 양산시,중상사고,0,1,0,0,차대차 - 기타,안전운전불이행,건조,맑음,교차로 - 교차로횡단보도내,화물,남,61-64세,상해없음,자전거,남,65세 이상,중상
2024086127,2024년 6월,주간,경상남도 양산시,부상신고사고,0,0,0,1,차대사람 - 횡단중,보행자보호의무위반,건조,맑음,교차로 - 교차로횡단보도내,승용,여,21-30세,상해없음,보행자,남,12세 이하,부상신고
2024086169,2024년 6월,야간,경상남도 양산시,경상사고,0,0,3,0,차대차 - 기타,중앙선침범,건조,맑음,단일로 - 기타,승용,여,41-50세,경상,승용,남,51-60세,경상
2024086244,2024년 6월,야간,경상남도 양산시,부상신고사고,0,0,0,1,차대차 - 기타,안전운전불이행,건조,맑음,단일로 - 기타,승용,남,41-50세,상해없음,개인형이동수단(PM),남,41-50세,부상신고
2024086379,2024년 6월,주간,경상남도 양산시,경상사고,0,0,1,0,차대차 - 충돌,신호위반,건조,맑음,교차로 - 교차로안,승용,여,21-30세,상해없음,승용,남,41-50세,경상
2024086531,2024년 6월,주간,경상남도 양산시,중상사고,0,1,0,0,차대사람 - 차도통행중,안전운전불이행,건조,맑음,단일로 - 기타,승용,여,41-50세,상해없음,보행자,남,65세 이상,중상
2024086556,2024년 6월,주간,경상남도 양산시,경상사고,0,0,1,0,차대차 - 충돌,신호위반,건조,맑음,교차로 - 교차로안,승용,남,61-64세,상해없음,승용,남,31-40세,경상
2024086762,2024년 6월,야간,경상남도 양산시,중상사고,0,1,0,0,차대차 - 기타,안전운전불이행,건조,맑음,단일로 - 교량,원동기,여,51-60세,중상,승용,남,21-30세,상해없음
2024086856,2024년 6월,야간,경상남도 양산시,경상사고,0,0,1,0,차대차 - 충돌,안전운전불이행,건조,맑음,단일로 - 기타,승용,남,65세 이상,상해없음,승용,남,31-40세,경상
2024087193,2024년 6월,주간,경상남도 양산시,경상사고,0,0,1,0,차대차 - 충돌,교차로운행방법위반,건조,맑음,교차로 - 교차로안,승용,남,51-60세,상해없음,승용,여,51-60세,경상
2024087657,2024년 6월,주간,경상남도 양산시,경상사고,0,0,1,0,차대사람 - 횡단중,안전운전불이행,건조,맑음,단일로 - 기타,화물,남,65세 이상,기타불명,보행자,남,13-20세,경상
2024088147,2024년 6월,주간,경상남도 양산시,경상사고,0,0,1,0,차대사람 - 횡단중,안전운전불이행,건조,맑음,교차로 - 교차로횡단보도내,화물,남,61-64세,상해없음,보행자,여,51-60세,경상
2024088277,2024년 6월,주간,경상남도 양산시,경상사고,0,0,1,0,차대사람 - 기타,안전운전불이행,건조,맑음,단일로 - 기타,화물,남,21-30세,상해없음,보행자,남,65세 이상,경상
2024088399,2024년 6월,야간,경상남도 양산시,중상사고,0,1,0,0,차대차 - 충돌,신호위반,건조,맑음,교차로 - 교차로안,승용,여,21-30세,상해없음,승용,남,31-40세,중상
2024088706,2024년 6월,주간,경상남도 양산시,경상사고,0,0,2,0,차대차 - 추돌,교차로운행방법위반,건조,맑음,교차로 - 교차로안,승용,여,41-50세,상해없음,승용,여,51-60세,경상
2024088888,2024년 6월,주간,경상남도 양산시,경상사고,0,0,1,0,차대차 - 기타,안전운전불이행,건조,맑음,교차로 - 교차로횡단보도내,승용,남,41-50세,상해없음,자전거,남,12세 이하,경상
2024089516,2024년 6월,야간,경상남도 양산시,경상사고,0,0,1,0,차대사람 - 횡단중,보행자보호의무위반,건조,맑음,교차로 - 교차로횡단보도내,승용,여,51-60세,상해없음,보행자,여,12세 이하,경상
2024089711,2024년 6월,주간,경상남도 양산시,경상사고,0,0,2,0,차대차 - 충돌,안전거리미확보,건조,맑음,단일로 - 기타,건설기계,남,51-60세,상해없음,승용,남,41-50세,경상
2024089787,2024년 6월,주간,경상남도 양산시,중상사고,0,1,0,0,차대사람 - 횡단중,안전운전불이행,건조,맑음,단일로 - 기타,승용,남,41-50세,상해없음,보행자,여,61-64세,중상
2024089852,2024년 6월,주간,경상남도 양산시,부상신고사고,0,0,0,2,차대차 - 충돌,중앙선침범,건조,맑음,단일로 - 기타,이륜,여,61-64세,부상신고,승용,여,51-60세,부상신고