구분번호,발생년월,주야,시군구,사고내용,사망자수,중상자수,경상자수,부상신고자수,사고유형,법규위반,노면상태,기상상태,도로형태,가해운전자 차종,가해운전자 성별,가해운전자 연령대,가해운전자 상해정도,피해운전자 차종,피해운전자 성별,피해운전자 연령대,피해운전자 상해정도
2024089983,2024년 6월,주간,경상남도 양산시,중상사고,0,1,0,0,차대차 - 충돌,교차로운행방법위반,건조,맑음,교차로 - 교차로안,화물,남,51-60세,상해없음,이륜,남,41-50세,중상
2024090099,2024년 6월,주간,경상남도 양산시,중상사고,0,1,0,0,차대차 - 기타,기타,건조,맑음,단일로 - 기타,화물,남,31-40세,상해없음,화물,남,21-30세,상해없음
2024090449,2024년 6월,주간,경상남도 양산시,경상사고,0,0,1,0,차대사람 - 횡단중,안전운전불이행,젖음/습기,비,단일로 - 기타,승용,남,41-50세,상해없음,보행자,남,12세 이하,경상
2024090481,2024년 6월,주간,경상남도 양산시,경상사고,0,0,1,0,차대차 - 충돌,안전운전불이행,건조,맑음,교차로 - 교차로안,승용,남,51-60세,상해없음,승용,남,41-50세,경상
2024090535,2024년 6월,주간,경상남도 양산시,경상사고,0,0,1,0,차대차 - 충돌,안전운전불이행,건조,맑음,단일로 - 기타,승용,남,51-60세,상해없음,이륜,남,65세 이상,경상
2024090583,2024년 6월,주간,경상남도 양산시,경상사고,0,0,1,0,차대차 - 기타,기타,젖음/습기,비,교차로 - 교차로안,화물,남,61-64세,상해없음,이륜,남,41-50세,경상
2024090651,2024년 6월,주간,경상남도 양산시,중상사고,0,1,0,0,차대차 - 기타,안전운전불이행,건조,맑음,교차로 - 교차로안,승합,남,31-40세,기타불명,승용,여,41-50세,중상
2024090652,2024년 6월,주간,경상남도 양산시,중상사고,0,1,0,0,차대차 - 기타,교차로운행방법위반,젖음/습기,비,교차로 - 교차로안,승용,남,51-60세,상해없음,원동기,남,31-40세,중상
2024090653,2024년 6월,주간,경상남도 양산시,경상사고,0,0,1,0,차대차 - 충돌,교차로운행방법위반,건조,맑음,교차로 - 교차로안,승용,남,65세 이상,상해없음,승용,남,31-40세,경상
2024091002,2024년 6월,주간,경상남도 양산시,중상사고,0,1,0,0,차대차 - 충돌,안전운전불이행,건조,맑음,기타 - 기타,이륜,남,41-50세,중상,승용,남,21-30세,상해없음
2024091128,2024년 6월,주간,경상남도 양산시,중상사고,0,1,0,0,차대차 - 기타,신호위반,건조,맑음,교차로 - 교차로안,승용,남,21-30세,상해없음,개인형이동수단(PM),여,51-60세,중상
2024091218,2024년 6월,야간,경상남도 양산시,중상사고,0,1,1,0,차대차 - 충돌,기타,건조,맑음,교차로 - 교차로안,승용,남,41-50세,중상,승용,남,51-60세,경상
2024091237,2024년 6월,야간,경상남도 양산시,중상사고,0,1,0,0,차대사람 - 기타,안전운전불이행,건조,맑음,교차로 - 교차로안,이륜,남,51-60세,기타불명,보행자,남,41-50세,상해없음
2024091350,2024년 6월,주간,경상남도 양산시,부상신고사고,0,0,0,1,차대차 - 충돌,안전거리미확보,건조,맑음,단일로 - 기타,승용,여,51-60세,상해없음,승용,남,21-30세,부상신고
2024091937,2024년 6월,주간,경상남도 양산시,경상사고,0,0,3,0,차대차 - 충돌,안전운전불이행,건조,맑음,교차로 - 교차로안,승용,여,41-50세,경상,승용,여,31-40세,경상
2024092017,2024년 6월,주간,경상남도 양산시,경상사고,0,0,1,0,차대차 - 충돌,안전거리미확보,건조,맑음,단일로 - 기타,화물,남,61-64세,상해없음,승용,남,31-40세,경상
2024092059,2024년 6월,주간,경상남도 양산시,중상사고,0,1,0,0,차대차 - 충돌,안전운전불이행,젖음/습기,맑음,교차로 - 교차로안,승용,여,51-60세,상해없음,이륜,남,65세 이상,중상
2024092060,2024년 6월,주간,경상남도 양산시,경상사고,0,0,1,0,차대차 - 충돌,안전운전불이행,건조,맑음,교차로 - 교차로안,승용,남,65세 이상,상해없음,승용,남,41-50세,경상
2024092087,2024년 6월,주간,경상남도 양산시,사망사고,1,0,0,0,차대차 - 추돌,안전운전불이행,건조,맑음,단일로 - 교량,이륜,남,41-50세,사망,화물,남,65세 이상,상해없음
2024092370,2024년 6월,야간,경상남도 양산시,경상사고,0,0,1,0,차대차 - 충돌,안전운전불이행,건조,맑음,교차로 - 교차로안,화물,남,65세 이상,상해없음,원동기,남,21-30세,경상
2024092457,2024년 6월,야간,경상남도 양산시,경상사고,0,0,1,0,차대차 - 충돌,중앙선침범,건조,맑음,교차로 - 교차로부근,승용,여,51-60세,상해없음,승용,남,65세 이상,경상
2024092536,2024년 6월,주간,경상남도 양산시,중상사고,0,1,0,0,차대사람 - 횡단중,보행자보호의무위반,건조,맑음,단일로 - 기타,승용,여,31-40세,상해없음,보행자,여,12세 이하,중상
2024092646,2024년 6월,주간,경상남도 양산시,중상사고,0,1,0,0,차대차 - 충돌,교차로운행방법위반,건조,맑음,교차로 - 교차로안,승용,남,65세 이상,상해없음,이륜,남,65세 이상,중상
2024092770,2024년 6월,주간,경상남도 양산시,경상사고,0,0,1,0,차대차 - 충돌,안전거리미확보,건조,맑음,교차로 - 교차로안,승용,남,65세 이상,상해없음,승용,여,31-40세,경상
2024092860,2024년 6월,주간,경상남도 양산시,경상사고,0,0,1,0,차대차 - 추돌,안전운전불이행,건조,맑음,교차로 - 교차로부근,승용,여,61-64세,상해없음,승용,여,65세 이상,경상
2024092897,2024년 6월,야간,경상남도 양산시,부상신고사고,0,0,0,2,차대차 - 충돌,중앙선침범,건조,맑음,단일로 - 기타,승용,남,65세 이상,상해없음,승용,남,65세 이상,부상신고
2024092898,2024년 6월,야간,경상남도 양산시,중상사고,0,1,0,0,차대사람 - 횡단중,안전운전불이행,건조,맑음,단일로 - 기타,이륜,남,21-30세,상해없음,보행자,남,65세 이상,중상
2024092899,2024년 6월,야간,경상남도 양산시,경상사고,0,0,1,0,차대차 - 충돌,신호위반,건조,맑음,교차로 - 교차로안,승용,여,61-64세,상해없음,승용,남,21-30세,경상
2024093352,2024년 6월,주간,경상남도 양산시,경상사고,0,0,1,0,차대차 - 충돌,안전운전불이행,건조,맑음,교차로 - 교차로안,승용,여,65세 이상,상해없음,승용,여,65세 이상,경상
2024094026,2024년 6월,주간,경상남도 양산시,경상사고,0,0,1,0,차대차 - 기타,교차로운행방법위반,건조,맑음,교차로 - 교차로안,화물,남,51-60세,상해없음,승용,남,51-60세,경상
2024094089,2024년 6월,주간,경상남도 양산시,경상사고,0,0,1,0,차대차 - 기타,안전거리미확보,건조,맑음,교차로 - 교차로안,승용,남,61-64세,상해없음,승합,여,51-60세,경상
2024094090,2024년 6월,주간,경상남도 양산시,경상사고,0,0,2,0,차대차 - 추돌,안전운전불이행,건조,맑음,단일로 - 기타,승용,남,61-64세,상해없음,승용,남,41-50세,경상
2024094264,2024년 6월,야간,경상남도 양산시,경상사고,0,0,1,0,차대차 - 충돌,기타,건조,맑음,교차로 - 교차로안,승용,남,61-64세,상해없음,승용,남,65세 이상,경상
2024094296,2024년 6월,야간,경상남도 양산시,경상사고,0,0,1,0,차대차 - 충돌,기타,건조,맑음,교차로 - 교차로안,화물,남,31-40세,상해없음,승용,남,41-50세,경상
2024094313,2024년 6월,야간,경상남도 양산시,경상사고,0,0,1,0,차대차 - 기타,안전거리미확보,건조,맑음,단일로 - 기타,승용,남,31-40세,상해없음,승용,남,65세 이상,상해없음
2024094331,2024년 6월,야간,경상남도 양산시,부상신고사고,0,0,0,1,차대차 - 충돌,신호위반,건조,맑음,교차로 - 교차로안,자전거,남,20세 이하,상해없음,승용,남,21-30세,부상신고
2024094390,2024년 6월,주간,경상남도 양산시,중상사고,0,1,1,0,차대차 - 충돌,중앙선침범,건조,맑음,단일로 - 기타,승용,남,21-30세,상해없음,승용,남,65세 이상,경상
2024094566,2024년 6월,주간,경상남도 양산시,중상사고,0,4,2,0,차대차 - 기타,안전운전불이행,침수,맑음,교차로 - 교차로부근,화물,남,65세 이상,상해없음,승용,남,51-60세,경상
2024094708,2024년 6월,주간,경상남도 양산시,경상사고,0,0,4,0,차대차 - 추돌,안전거리미확보,건조,맑음,단일로 - 기타,화물,남,65세 이상,상해없음,승용,남,31-40세,경상
2024094836,2024년 6월,야간,경상남도 양산시,사망사고,1,0,0,0,차대사람 - 횡단중,안전운전불이행,젖음/습기,비,교차로 - 교차로부근,이륜,남,31-40세,상해없음,보행자,여,65세 이상,사망
2024094946,2024년 6월,야간,경상남도 양산시,경상사고,0,0,3,0,차대차 - 충돌,안전운전불이행,젖음/습기,비,단일로 - 기타,승용,남,21-30세,기타불명,승용,남,61-64세,경상
2024095079,2024년 6월,주간,경상남도 양산시,경상사고,0,0,1,0,차대사람 - 차도통행중,안전운전불이행,건조,맑음,교차로 - 교차로안,승용,여,41-50세,상해없음,보행자,남,13-20세,경상
2024095477,2024년 7월,주간,경상남도 양산시,경상사고,0,0,1,0,차대차 - 추돌,안전운전불이행,건조,맑음,교차로 - 교차로부근,승용,남,21-30세,상해없음,승용,여,41-50세,경상
2024095895,2024년 7월,주간,경상남도 양산시,중상사고,0,1,1,0,차대차 - 충돌,안전운전불이행,젖음/습기,맑음,단일로 - 기타,화물,남,61-64세,상해없음,화물,남,41-50세,중상
2024096148,2024년 7월,주간,경상남도 양산시,경상사고,0,0,1,0,차대차 - 충돌,안전운전불이행,건조,맑음,단일로 - 기타,승용,남,21-30세,상해없음,화물,남,41-50세,경상
2024096500,2024년 7월,주간,경상남도 양산시,경상사고,0,0,1,0,차대차 - 충돌,안전거리미확보,젖음/습기,비,단일로 - 기타,승용,여,65세 이상,상해없음,승용,여,65세 이상,경상
2024096522,2024년 7월,주간,경상남도 양산시,중상사고,0,1,0,0,차대사람 - 차도통행중,안전운전불이행,건조,맑음,단일로 - 기타,승용,여,61-64세,상해없음,보행자,여,21-30세,중상
2024096568,2024년 7월,주간,경상남도 양산시,중상사고,0,1,0,0,차대차 - 충돌,안전거리미확보,건조,맑음,단일로 - 기타,특수,남,65세 이상,상해없음,화물,남,41-50세,중상
2024096716,2024년 7월,주간,경상남도 양산시,중상사고,0,1,0,0,차대차 - 추돌,안전거리미확보,건조,맑음,단일로 - 기타,승용,여,51-60세,상해없음,승용,여,41-50세,중상
2024096717,2024년 7월,주간,경상남도 양산시,경상사고,0,0,1,0,차대차 - 기타,기타,건조,맑음,교차로 - 교차로안,승용,남,41-50세,상해없음,승용,여,31-40세,경상
2024096777,2024년 7월,야간,경상남도 양산시,중상사고,0,1,0,0,차대차 - 충돌,기타,건조,맑음,교차로 - 교차로안,화물,남,31-40세,상해없음,이륜,남,21-30세,중상
2024096864,2024년 7월,야간,경상남도 양산시,경상사고,0,0,1,0,차대차 - 추돌,안전운전불이행,건조,맑음,단일로 - 기타,승용,남,65세 이상,상해없음,화물,남,31-40세,경상
2024097227,2024년 7월,주간,경상남도 양산시,경상사고,0,0,1,0,차대차 - 충돌,교차로운행방법위반,건조,맑음,교차로 - 교차로안,승용,남,65세 이상,상해없음,화물,남,31-40세,경상
2024097419,2024년 7월,야간,경상남도 양산시,중상사고,0,1,1,0,차대차 - 기타,신호위반,건조,맑음,교차로 - 교차로안,승용,여,51-60세,경상,승용,남,65세 이상,중상
2024097736,2024년 7월,주간,경상남도 양산시,경상사고,0,0,1,0,차대사람 - 차도통행중,안전운전불이행,건조,맑음,단일로 - 기타,승용,남,31-40세,상해없음,보행자,남,12세 이하,경상
2024098132,2024년 7월,주간,경상남도 양산시,부상신고사고,0,0,0,1,차량단독 - 기타,안전운전불이행,건조,맑음,단일로 - 기타,자전거,여,21-30세,부상신고,,,,
2024098619,2024년 7월,주간,경상남도 양산시,경상사고,0,0,5,0,차대차 - 기타,기타,건조,맑음,단일로 - 기타,특수,남,51-60세,상해없음,승용,여,31-40세,경상
2024098950,2024년 7월,주간,경상남도 양산시,경상사고,0,0,1,0,차대차 - 기타,안전운전불이행,건조,맑음,교차로 - 교차로안,화물,여,65세 이상,기타불명,자전거,남,51-60세,경상
2024099121,2024년 7월,주간,경상남도 양산시,사망사고,1,0,0,0,차량단독 - 충돌,안전운전불이행,건조,맑음,단일로 - 기타,승용,남,61-64세,사망,,,,
2024099223,2024년 7월,야간,경상남도 양산시,경상사고,0,0,4,0,차대차 - 추돌,안전운전불이행,건조,맑음,단일로 - 기타,승용,남,31-40세,상해없음,승용,여,41-50세,경상
2024099344,2024년 7월,야간,경상남도 양산시,부상신고사고,0,0,0,2,차대차 - 충돌,안전거리미확보,건조,맑음,교차로 - 교차로안,이륜,남,20세 이하,상해없음,이륜,남,13-20세,부상신고
2024099487,2024년 7월,주간,경상남도 양산시,경상사고,0,0,2,0,차대차 - 추돌,안전운전불이행,젖음/습기,흐림,교차로 - 교차로부근,승용,남,65세 이상,상해없음,화물,남,61-64세,경상
2024099565,2024년 7월,주간,경상남도 양산시,경상사고,0,0,2,0,차대차 - 추돌,안전거리미확보,젖음/습기,비,교차로 - 교차로부근,화물,남,41-50세,상해없음,승합,남,61-64세,경상
2024099590,2024년 7월,주간,경상남도 양산시,경상사고,0,0,1,0,차대차 - 충돌,중앙선침범,젖음/습기,흐림,교차로 - 교차로안,화물,남,31-40세,상해없음,승용,여,51-60세,경상
2024099655,2024년 7월,주간,경상남도 양산시,중상사고,0,1,0,0,차대차 - 기타,기타,건조,맑음,단일로 - 기타,승용,남,41-50세,상해없음,이륜,남,41-50세,중상
2024099728,2024년 7월,야간,경상남도 양산시,경상사고,0,0,1,0,차대차 - 충돌,안전거리미확보,건조,맑음,단일로 - 기타,승용,남,31-40세,상해없음,승용,여,51-60세,경상
2024099890,2024년 7월,주간,경상남도 양산시,경상사고,0,0,3,0,차대차 - 추돌,안전거리미확보,젖음/습기,비,단일로 - 기타,승용,여,31-40세,상해없음,승용,남,21-30세,경상
2024099895,2024년 7월,주간,경상남도 양산시,경상사고,0,0,1,0,차대차 - 추돌,안전운전불이행,젖음/습기,비,교차로 - 교차로부근,승용,남,41-50세,상해없음,승용,여,61-64세,경상
2024099964,2024년 7월,주간,경상남도 양산시,경상사고,0,0,1,0,차대차 - 기타,교차로운행방법위반,젖음/습기,비,교차로 - 교차로안,승용,여,41-50세,상해없음,승용,남,41-50세,경상
2024100278,2024년 7월,야간,경상남도 양산시,경상사고,0,0,1,0,차대차 - 충돌,안전운전불이행,건조,맑음,교차로 - 교차로안,화물,남,51-60세,상해없음,이륜,남,41-50세,경상
2024100342,2024년 7월,야간,경상남도 양산시,중상사고,0,1,0,0,차대차 - 기타,신호위반,건조,맑음,교차로 - 교차로안,승용,여,41-50세,상해없음,자전거,남,61-64세,중상
2024100707,2024년 7월,주간,경상남도 양산시,경상사고,0,0,1,0,차대차 - 충돌,교차로운행방법위반,건조,맑음,교차로 - 교차로안,승합,남,51-60세,상해없음,승용,여,21-30세,경상
2024100812,2024년 7월,야간,경상남도 양산시,경상사고,0,0,1,0,차대차 - 기타,안전거리미확보,건조,맑음,단일로 - 기타,승용,남,21-30세,상해없음,승용,여,41-50세,경상
2024101209,2024년 7월,주간,경상남도 양산시,경상사고,0,0,1,0,차대차 - 충돌,안전운전불이행,건조,맑음,단일로 - 기타,건설기계,남,61-64세,상해없음,승용,여,31-40세,경상
2024101472,2024년 7월,야간,경상남도 양산시,경상사고,0,0,2,0,차대차 - 충돌,신호위반,건조,맑음,교차로 - 교차로안,승용,남,51-60세,상해없음,승용,남,41-50세,경상
2024101508,2024년 7월,야간,경상남도 양산시,부상신고사고,0,0,0,1,차대사람 - 길가장자리구역통행중,안전운전불이행,건조,맑음,기타 - 기타,기타불명,기타불명,기타불명,기타불명,보행자,남,13-20세,부상신고
2024101891,2024년 7월,주간,경상남도 양산시,부상신고사고,0,0,0,1,차대차 - 추돌,안전운전불이행,건조,맑음,교차로 - 교차로안,승용,남,51-60세,상해없음,승용,남,21-30세,부상신고
2024101972,2024년 7월,야간,경상남도 양산시,경상사고,0,0,1,0,차대사람 - 차도통행중,안전운전불이행,건조,맑음,교차로 - 교차로안,승용,여,65세 이상,상해없음,보행자,남,65세 이상,경상
2024102045,2024년 7월,야간,경상남도 양산시,경상사고,0,0,1,0,차량단독 - 기타,안전운전불이행,젖음/습기,맑음,교차로 - 교차로안,승용,남,51-60세,상해없음,,,,
2024102113,2024년 7월,주간,경상남도 양산시,경상사고,0,0,2,0,차대차 - 충돌,교차로운행방법위반,젖음/습기,흐림,교차로 - 교차로안,승용,여,31-40세,경상,승용,남,31-40세,경상
2024102114,2024년 7월,주간,경상남도 양산시,경상사고,0,0,1,0,차대차 - 충돌,기타,젖음/습기,비,교차로 - 교차로안,화물,남,51-60세,상해없음,화물,남,65세 이상,경상
2024102933,2024년 7월,야간,경상남도 양산시,경상사고,0,0,1,0,차대차 - 충돌,안전운전불이행,건조,맑음,교차로 - 교차로안,승용,남,51-60세,상해없음,이륜,남,31-40세,경상
2024102934,2024년 7월,야간,경상남도 양산시,경상사고,0,0,2,0,차대차 - 충돌,신호위반,건조,맑음,교차로 - 교차로안,승용,남,41-50세,상해없음,승용,남,31-40세,경상
2024103174,2024년 7월,주간,경상남도 양산시,중상사고,0,1,0,0,차대차 - 충돌,교차로운행방법위반,건조,맑음,교차로 - 교차로안,화물,남,51-60세,상해없음,이륜,남,65세 이상,중상
2024103284,2024년 7월,주간,경상남도 양산시,부상신고사고,0,0,0,1,차량단독 - 기타,안전운전불이행,젖음/습기,비,단일로 - 기타,자전거,남,61-64세,부상신고,,,,
2024103368,2024년 7월,주간,경상남도 양산시,중상사고,0,1,0,0,차대차 - 충돌,교차로운행방법위반,건조,맑음,교차로 - 교차로안,승용,여,51-60세,상해없음,이륜,남,31-40세,중상
2024103454,2024년 7월,야간,경상남도 양산시,중상사고,0,1,0,0,차대차 - 충돌,교차로운행방법위반,건조,맑음,교차로 - 교차로안,승용,남,20세 이하,상해없음,이륜,남,21-30세,중상
2024103552,2024년 7월,야간,경상남도 양산시,경상사고,0,0,1,2,차대차 - 충돌,안전운전불이행,젖음/습기,비,교차로 - 교차로안,승용,남,21-30세,부상신고,승용,여,65세 이상,경상
2024103553,2024년 7월,야간,경상남도 양산시,경상사고,0,0,1,0,차대차 - 충돌,중앙선침범,건조,맑음,교차로 - 교차로안,승용,여,41-50세,상해없음,승용,여,21-30세,경상
2024103655,2024년 7월,주간,경상남도 양산시,경상사고,0,0,1,0,차대차 - 충돌,안전거리미확보,젖음/습기,비,단일로 - 기타,승합,여,51-60세,상해없음,이륜,남,21-30세,경상
2024103726,2024년 7월,주간,경상남도 양산시,부상신고사고,0,0,0,1,차대차 - 충돌,안전운전불이행,건조,맑음,교차로 - 교차로안,승용,남,51-60세,상해없음,승용,여,31-40세,부상신고
2024103776,2024년 7월,주간,경상남도 양산시,경상사고,0,0,1,0,차대사람 - 기타,안전운전불이행,건조,맑음,단일로 - 기타,승용,여,65세 이상,상해없음,보행자,남,51-60세,경상
2024103989,2024년 7월,야간,경상남도 양산시,경상사고,0,0,1,0,차대차 - 충돌,안전운전불이행,건조,맑음,교차로 - 교차로안,승합,남,41-50세,상해없음,원동기,남,21-30세,경상
2024104015,2024년 7월,야간,경상남도 양산시,경상사고,0,0,1,0,차대차 - 충돌,신호위반,건조,맑음,교차로 - 교차로부근,승용,여,31-40세,상해없음,이륜,남,31-40세,경상
2024104041,2024년 7월,야간,경상남도 양산시,경상사고,0,0,1,0,차대차 - 충돌,안전거리미확보,건조,맑음,단일로 - 기타,승용,여,65세 이상,상해없음,승용,남,31-40세,경상
2024104063,2024년 7월,야간,경상남도 양산시,경상사고,0,0,1,0,차량단독 - 전도전복,안전운전불이행,건조,맑음,기타 - 기타,자전거,남,61-64세,경상,,,,
2024104314,2024년 7월,주간,경상남도 양산시,경상사고,0,0,1,0,차대차 - 기타,안전거리미확보,건조,맑음,교차로 - 교차로안,승용,남,65세 이상,상해없음,승용,여,31-40세,경상
2024104697,2024년 7월,주간,경상남도 양산시,중상사고,0,4,0,0,차대차 - 충돌,기타,젖음/습기,비,교차로 - 교차로안,승용,남,21-30세,상해없음,승용,여,41-50세,중상
2024104941,2024년 7월,주간,경상남도 양산시,부상신고사고,0,0,0,1,차대차 - 기타,교차로운행방법위반,건조,맑음,교차로 - 교차로안,화물,남,31-40세,상해없음,승합,남,51-60세,부상신고
2024105157,2024년 7월,야간,경상남도 양산시,경상사고,0,0,2,0,차대차 - 충돌,안전거리미확보,건조,맑음,단일로 - 기타,승용,남,65세 이상,상해없음,승용,남,21-30세,경상
2024105191,2024년 7월,야간,경상남도 양산시,경상사고,0,0,1,0,차대차 - 기타,안전거리미확보,건조,맑음,교차로 - 교차로안,기타불명,기타불명,기타불명,기타불명,승용,남,51-60세,경상
2024105373,2024년 7월,주간,경상남도 양산시,중상사고,0,1,0,0,차대차 - 충돌,안전운전불이행,젖음/습기,비,단일로 - 기타,화물,남,61-64세,상해없음,자전거,남,51-60세,중상
2024105513,2024년 7월,주간,경상남도 양산시,경상사고,0,0,3,0,차대차 - 추돌,안전운전불이행,건조,맑음,교차로 - 교차로부근,승용,여,65세 이상,상해없음,승용,남,21-30세,경상
2024105674,2024년 7월,야간,경상남도 양산시,경상사고,0,0,1,0,차대차 - 충돌,신호위반,건조,맑음,교차로 - 교차로안,승용,여,51-60세,상해없음,화물,남,65세 이상,경상
2024105705,2024년 7월,야간,경상남도 양산시,경상사고,0,0,1,0,차대사람 - 차도통행중,안전운전불이행,건조,맑음,단일로 - 기타,승용,남,65세 이상,상해없음,보행자,남,41-50세,경상
2024105983,2024년 7월,야간,경상남도 양산시,경상사고,0,0,1,0,차대차 - 충돌,안전운전불이행,건조,맑음,단일로 - 기타,승용,여,31-40세,상해없음,자전거,남,12세 이하,경상
2024106019,2024년 7월,야간,경상남도 양산시,중상사고,0,1,1,0,차대차 - 충돌,안전운전불이행,건조,맑음,교차로 - 교차로안,승용,여,51-60세,상해없음,개인형이동수단(PM),남,13-20세,경상
2024106051,2024년 7월,야간,경상남도 양산시,중상사고,0,1,0,0,차대차 - 충돌,신호위반,건조,맑음,교차로 - 교차로안,이륜,남,20세 이하,상해없음,승용,여,41-50세,상해없음
2024106321,2024년 7월,주간,경상남도 양산시,경상사고,0,0,1,0,차대차 - 충돌,신호위반,건조,맑음,교차로 - 교차로안,승용,남,51-60세,상해없음,승용,남,65세 이상,경상
2024106546,2024년 7월,야간,경상남도 양산시,경상사고,0,0,1,0,차대차 - 추돌,안전운전불이행,건조,맑음,단일로 - 기타,화물,남,41-50세,상해없음,승용,남,31-40세,경상
2024106681,2024년 7월,주간,경상남도 양산시,경상사고,0,0,1,0,차대차 - 충돌,안전거리미확보,건조,맑음,교차로 - 교차로부근,승용,여,65세 이상,상해없음,승합,남,51-60세,경상
2024106738,2024년 7월,주간,경상남도 양산시,경상사고,0,0,1,0,차대차 - 충돌,기타,건조,맑음,교차로 - 교차로안,승용,남,65세 이상,상해없음,승용,여,21-30세,경상
2024107004,2024년 7월,야간,경상남도 양산시,경상사고,0,0,1,0,차대차 - 기타,안전운전불이행,건조,맑음,교차로 - 교차로안,승용,남,65세 이상,상해없음,이륜,남,41-50세,경상
2024107088,2024년 7월,야간,경상남도 양산시,경상사고,0,0,1,0,차대차 - 충돌,안전거리미확보,젖음/습기,비,단일로 - 기타,승용,남,61-64세,상해없음,승용,남,21-30세,경상
2024107286,2024년 7월,주간,경상남도 양산시,경상사고,0,0,1,0,차대사람 - 횡단중,보행자보호의무위반,건조,맑음,교차로 - 교차로횡단보도내,승합,여,51-60세,상해없음,보행자,남,65세 이상,경상
2024107581,2024년 7월,야간,경상남도 양산시,경상사고,0,0,1,0,차대차 - 기타,안전거리미확보,건조,맑음,교차로 - 교차로부근,승합,여,65세 이상,상해없음,승용,남,21-30세,경상
2024108375,2024년 7월,주간,경상남도 양산시,중상사고,0,1,0,0,차대차 - 충돌,안전거리미확보,건조,맑음,교차로 - 교차로안,승용,남,21-30세,상해없음,승용,여,31-40세,중상
2024108441,2024년 7월,주간,경상남도 양산시,경상사고,0,0,1,0,차대차 - 충돌,안전운전불이행,건조,맑음,단일로 - 기타,승용,남,61-64세,상해없음,승용,여,41-50세,경상
2024108550,2024년 7월,주간,경상남도 양산시,경상사고,0,0,1,0,차대차 - 충돌,안전운전불이행,건조,맑음,교차로 - 교차로안,이륜,남,20세 이하,기타불명,승용,여,51-60세,경상
2024108717,2024년 7월,야간,경상남도 양산시,중상사고,0,1,0,0,차대사람 - 기타,안전운전불이행,건조,맑음,교차로 - 교차로안,화물,남,51-60세,상해없음,보행자,남,51-60세,중상
2024108749,2024년 7월,야간,경상남도 양산시,경상사고,0,0,2,0,차대차 - 충돌,교차로운행방법위반,젖음/습기,비,교차로 - 교차로안,승용,남,51-60세,경상,화물,남,51-60세,경상
2024108860,2024년 7월,야간,경상남도 양산시,중상사고,0,3,1,0,차대차 - 충돌,신호위반,건조,맑음,교차로 - 교차로안,승용,남,31-40세,중상,승용,남,41-50세,중상
2024109072,2024년 7월,주간,경상남도 양산시,중상사고,0,1,0,0,차대차 - 충돌,안전거리미확보,건조,맑음,단일로 - 고가도로위,이륜,남,51-60세,중상,승용,남,61-64세,상해없음
2024109176,2024년 7월,주간,경상남도 양산시,경상사고,0,0,1,0,차대차 - 충돌,안전운전불이행,건조,맑음,교차로 - 교차로안,개인형이동수단(PM),남,51-60세,경상,승용,여,51-60세,상해없음
2024110030,2024년 7월,주간,경상남도 양산시,경상사고,0,0,2,0,차대차 - 충돌,교차로운행방법위반,건조,맑음,교차로 - 교차로안,승용,남,61-64세,상해없음,승용,여,31-40세,경상
2024110079,2024년 7월,주간,경상남도 양산시,중상사고,0,1,1,0,차대차 - 충돌,안전운전불이행,건조,맑음,교차로 - 교차로부근,이륜,남,31-40세,중상,승용,남,21-30세,경상
2024110188,2024년 7월,주간,경상남도 양산시,경상사고,0,0,6,0,차대차 - 충돌,중앙선침범,건조,맑음,단일로 - 기타,승용,여,61-64세,경상,승용,남,41-50세,경상
2024110255,2024년 7월,야간,경상남도 양산시,경상사고,0,0,2,0,차대차 - 충돌,안전거리미확보,건조,맑음,교차로 - 교차로부근,이륜,남,61-64세,경상,승용,남,31-40세,상해없음
2024110315,2024년 7월,야간,경상남도 양산시,경상사고,0,0,1,0,차대차 - 충돌,신호위반,건조,맑음,교차로 - 교차로안,승용,남,51-60세,상해없음,승용,여,31-40세,경상
2024110435,2024년 7월,주간,경상남도 양산시,경상사고,0,0,1,0,차대차 - 충돌,신호위반,건조,맑음,교차로 - 교차로안,승용,남,65세 이상,상해없음,승용,여,65세 이상,경상
2024110536,2024년 7월,주간,경상남도 양산시,중상사고,0,1,0,0,차대사람 - 차도통행중,안전운전불이행,건조,맑음,단일로 - 기타,승용,남,65세 이상,상해없음,보행자,여,41-50세,중상
2024110610,2024년 7월,주간,경상남도 양산시,중상사고,0,1,0,0,차대사람 - 차도통행중,안전운전불이행,건조,맑음,교차로 - 교차로안,승용,여,51-60세,상해없음,보행자,여,51-60세,중상
2024110694,2024년 7월,주간,경상남도 양산시,경상사고,0,0,1,0,차대사람 - 기타,안전운전불이행,건조,맑음,단일로 - 기타,자전거,남,20세 이하,상해없음,보행자,여,12세 이하,경상
2024111151,2024년 7월,주간,경상남도 양산시,경상사고,0,0,2,0,차대차 - 충돌,신호위반,건조,맑음,교차로 - 교차로안,승용,여,65세 이상,상해없음,승용,남,41-50세,경상