구분번호,발생년월,주야,시군구,사고내용,사망자수,중상자수,경상자수,부상신고자수,사고유형,법규위반,노면상태,기상상태,도로형태,가해운전자 차종,가해운전자 성별,가해운전자 연령대,가해운전자 상해정도,피해운전자 차종,피해운전자 성별,피해운전자 연령대,피해운전자 상해정도
2024156759,2024년 10월,주간,경상남도 양산시,경상사고,0,0,1,0,차대차 - 충돌,교차로운행방법위반,건조,흐림,교차로 - 교차로안,승용,여,61-64세,상해없음,승용,여,65세 이상,경상
2024157055,2024년 10월,야간,경상남도 양산시,경상사고,0,0,1,0,차대차 - 기타,안전운전불이행,건조,맑음,교차로 - 교차로안,이륜,남,20세 이하,상해없음,이륜,남,13-20세,경상
2024157154,2024년 10월,주간,경상남도 양산시,부상신고사고,0,0,0,1,차대사람 - 횡단중,안전운전불이행,젖음/습기,비,교차로 - 교차로안,화물,남,65세 이상,상해없음,보행자,남,51-60세,부상신고
2024157155,2024년 10월,주간,경상남도 양산시,중상사고,0,1,0,0,차대사람 - 횡단중,보행자보호의무위반,젖음/습기,비,교차로 - 교차로횡단보도내,화물,남,51-60세,상해없음,보행자,여,51-60세,중상
2024157299,2024년 10월,주간,경상남도 양산시,경상사고,0,0,1,0,차대사람 - 횡단중,보행자보호의무위반,젖음/습기,비,교차로 - 교차로안,승용,여,31-40세,상해없음,보행자,여,65세 이상,경상
2024157383,2024년 10월,주간,경상남도 양산시,경상사고,0,0,1,0,차대차 - 충돌,신호위반,건조,맑음,교차로 - 교차로안,승용,여,41-50세,상해없음,승용,남,41-50세,경상
2024157623,2024년 10월,야간,경상남도 양산시,경상사고,0,0,3,0,차대차 - 충돌,신호위반,젖음/습기,흐림,교차로 - 교차로부근,화물,남,51-60세,상해없음,승용,남,41-50세,경상
2024157770,2024년 10월,야간,경상남도 양산시,중상사고,0,1,0,0,차대차 - 기타,안전운전불이행,건조,맑음,단일로 - 기타,승용,남,31-40세,상해없음,승용,남,31-40세,중상
2024157797,2024년 10월,야간,경상남도 양산시,중상사고,0,1,0,0,차대차 - 추돌,안전운전불이행,젖음/습기,흐림,교차로 - 교차로부근,승용,여,31-40세,중상,특수,남,31-40세,기타불명
2024157894,2024년 10월,주간,경상남도 양산시,경상사고,0,0,2,0,차대차 - 기타,교차로운행방법위반,건조,맑음,교차로 - 교차로안,승용,남,51-60세,경상,승용,여,41-50세,경상
2024158182,2024년 10월,주간,경상남도 양산시,부상신고사고,0,0,0,4,차대차 - 충돌,안전거리미확보,건조,맑음,교차로 - 교차로안,자전거,남,20세 이하,상해없음,승합,남,21-30세,상해없음
2024158344,2024년 10월,야간,경상남도 양산시,경상사고,0,0,1,0,차대차 - 충돌,신호위반,건조,맑음,교차로 - 교차로안,승용,여,61-64세,상해없음,승용,여,21-30세,경상
2024158553,2024년 10월,주간,경상남도 양산시,부상신고사고,0,0,0,1,차대차 - 충돌,기타,건조,맑음,단일로 - 교량,화물,남,31-40세,상해없음,승용,남,61-64세,부상신고
2024158554,2024년 10월,주간,경상남도 양산시,경상사고,0,0,1,0,차대사람 - 횡단중,보행자보호의무위반,건조,맑음,교차로 - 교차로부근,승용,남,51-60세,기타불명,보행자,여,41-50세,경상
2024158710,2024년 10월,주간,경상남도 양산시,경상사고,0,0,1,0,차대차 - 추돌,안전거리미확보,건조,맑음,교차로 - 교차로안,승용,여,61-64세,상해없음,승용,여,41-50세,경상
2024158823,2024년 10월,주간,경상남도 양산시,중상사고,0,1,0,0,차대차 - 충돌,안전운전불이행,건조,맑음,교차로 - 교차로안,승용,여,31-40세,상해없음,승용,남,31-40세,중상
2024158878,2024년 10월,야간,경상남도 양산시,중상사고,0,1,1,0,차대차 - 충돌,교차로운행방법위반,건조,맑음,교차로 - 교차로안,승용,여,31-40세,상해없음,승용,남,61-64세,경상
2024159142,2024년 10월,주간,경상남도 양산시,경상사고,0,0,1,0,차대사람 - 기타,안전운전불이행,건조,맑음,교차로 - 교차로안,승용,남,41-50세,상해없음,보행자,여,31-40세,경상
2024159777,2024년 10월,주간,경상남도 양산시,경상사고,0,0,1,0,차대차 - 추돌,안전거리미확보,기타,맑음,단일로 - 기타,승용,남,51-60세,상해없음,승용,남,41-50세,경상
2024159898,2024년 10월,주간,경상남도 양산시,경상사고,0,0,1,0,차대사람 - 기타,보행자보호의무위반,건조,맑음,교차로 - 교차로횡단보도내,승용,여,51-60세,상해없음,보행자,여,31-40세,경상
2024160651,2024년 10월,야간,경상남도 양산시,경상사고,0,0,1,0,차대차 - 충돌,안전거리미확보,젖음/습기,비,단일로 - 기타,승용,남,65세 이상,상해없음,승용,남,41-50세,경상
2024160714,2024년 10월,야간,경상남도 양산시,중상사고,0,1,0,0,차대차 - 추돌,안전운전불이행,젖음/습기,비,교차로 - 교차로부근,승용,남,41-50세,상해없음,이륜,남,31-40세,중상
2024160927,2024년 10월,주간,경상남도 양산시,중상사고,0,1,0,0,차대사람 - 차도통행중,안전운전불이행,건조,맑음,단일로 - 기타,건설기계,남,51-60세,상해없음,보행자,여,65세 이상,중상
2024161058,2024년 10월,주간,경상남도 양산시,경상사고,0,0,1,0,차대차 - 충돌,안전거리미확보,젖음/습기,비,단일로 - 기타,승용,남,65세 이상,상해없음,승용,여,31-40세,경상
2024161244,2024년 10월,야간,경상남도 양산시,경상사고,0,0,1,0,차대차 - 충돌,신호위반,건조,맑음,교차로 - 교차로안,승용,남,61-64세,상해없음,승용,남,41-50세,경상
2024161430,2024년 10월,주간,경상남도 양산시,경상사고,0,0,1,0,차대차 - 추돌,안전운전불이행,건조,맑음,교차로 - 교차로부근,승용,여,65세 이상,상해없음,승용,여,31-40세,경상
2024161686,2024년 10월,주간,경상남도 양산시,경상사고,0,0,1,0,차대차 - 충돌,안전운전불이행,건조,맑음,교차로 - 교차로부근,화물,남,51-60세,상해없음,승용,여,61-64세,경상
2024161762,2024년 10월,주간,경상남도 양산시,경상사고,0,0,1,0,차대차 - 충돌,안전운전불이행,건조,맑음,교차로 - 교차로부근,승용,남,41-50세,상해없음,승용,여,51-60세,경상
2024161860,2024년 10월,야간,경상남도 양산시,경상사고,0,0,1,0,차대사람 - 횡단중,안전운전불이행,건조,맑음,단일로 - 기타,승용,남,31-40세,상해없음,보행자,여,13-20세,경상
2024161861,2024년 10월,야간,경상남도 양산시,경상사고,0,0,1,0,차대차 - 충돌,신호위반,건조,맑음,교차로 - 교차로안,승용,남,65세 이상,상해없음,승용,남,21-30세,경상
2024162044,2024년 10월,주간,경상남도 양산시,경상사고,0,0,2,0,차대차 - 추돌,안전운전불이행,건조,맑음,단일로 - 기타,승용,여,31-40세,상해없음,승용,남,65세 이상,경상
2024162045,2024년 10월,주간,경상남도 양산시,중상사고,0,1,0,0,차대차 - 충돌,교차로운행방법위반,건조,맑음,교차로 - 교차로안,화물,남,65세 이상,상해없음,자전거,남,31-40세,중상
2024162046,2024년 10월,주간,경상남도 양산시,경상사고,0,0,1,0,차대차 - 충돌,신호위반,건조,맑음,교차로 - 교차로안,승용,여,61-64세,상해없음,자전거,여,41-50세,경상
2024162047,2024년 10월,주간,경상남도 양산시,경상사고,0,0,1,0,차대차 - 추돌,신호위반,건조,맑음,교차로 - 교차로안,화물,남,61-64세,상해없음,화물,남,41-50세,상해없음
2024162048,2024년 10월,주간,경상남도 양산시,경상사고,0,0,1,0,차대차 - 기타,안전운전불이행,건조,맑음,단일로 - 기타,화물,남,65세 이상,상해없음,승용,남,51-60세,경상
2024162049,2024년 10월,주간,경상남도 양산시,중상사고,0,1,0,0,차대차 - 추돌,안전운전불이행,건조,맑음,단일로 - 기타,승용,여,31-40세,상해없음,승용,남,65세 이상,중상
2024162096,2024년 10월,주간,경상남도 양산시,중상사고,0,2,2,0,차대차 - 충돌,신호위반,건조,맑음,교차로 - 교차로안,승용,남,65세 이상,중상,승용,남,51-60세,경상
2024162097,2024년 10월,주간,경상남도 양산시,경상사고,0,0,1,0,차대차 - 추돌,안전거리미확보,건조,맑음,교차로 - 교차로안,승용,여,51-60세,상해없음,승용,여,61-64세,경상
2024162175,2024년 10월,주간,경상남도 양산시,중상사고,0,1,0,0,차대차 - 충돌,안전운전불이행,건조,맑음,교차로 - 교차로안,승용,남,51-60세,상해없음,승용,여,51-60세,중상
2024162387,2024년 10월,주간,경상남도 양산시,중상사고,0,1,0,0,차대차 - 충돌,안전운전불이행,건조,맑음,교차로 - 교차로안,승용,여,21-30세,상해없음,이륜,남,31-40세,중상
2024162449,2024년 10월,야간,경상남도 양산시,경상사고,0,0,1,0,차대차 - 추돌,안전거리미확보,건조,맑음,교차로 - 교차로부근,승용,여,41-50세,상해없음,승용,여,51-60세,경상
2024162518,2024년 10월,야간,경상남도 양산시,경상사고,0,0,1,0,차대차 - 충돌,안전운전불이행,건조,맑음,교차로 - 교차로안,이륜,남,21-30세,상해없음,승용,남,31-40세,경상
2024162563,2024년 10월,야간,경상남도 양산시,경상사고,0,0,1,0,차대차 - 기타,안전운전불이행,건조,맑음,단일로 - 기타,승용,여,21-30세,상해없음,승용,남,31-40세,경상
2024162654,2024년 10월,주간,경상남도 양산시,경상사고,0,0,1,0,차대차 - 충돌,안전운전불이행,건조,맑음,교차로 - 교차로안,화물,남,65세 이상,상해없음,승용,여,21-30세,경상
2024162699,2024년 10월,주간,경상남도 양산시,경상사고,0,0,1,0,차대차 - 추돌,안전운전불이행,건조,맑음,교차로 - 교차로부근,승용,여,41-50세,기타불명,화물,남,41-50세,경상
2024162735,2024년 10월,주간,경상남도 양산시,경상사고,0,0,2,0,차대차 - 추돌,안전운전불이행,건조,맑음,교차로 - 교차로부근,화물,남,61-64세,상해없음,승용,남,31-40세,경상
2024162956,2024년 10월,주간,경상남도 양산시,경상사고,0,0,1,0,차대차 - 충돌,교차로운행방법위반,건조,맑음,교차로 - 교차로안,승용,남,65세 이상,상해없음,승용,남,51-60세,경상
2024163056,2024년 10월,주간,경상남도 양산시,경상사고,0,0,1,0,차대차 - 충돌,교차로운행방법위반,건조,맑음,교차로 - 교차로안,승용,남,21-30세,상해없음,승용,남,21-30세,경상
2024163109,2024년 10월,야간,경상남도 양산시,경상사고,0,0,4,0,차대차 - 기타,교차로운행방법위반,건조,맑음,교차로 - 교차로부근,승용,남,21-30세,상해없음,승용,여,61-64세,상해없음
2024163110,2024년 10월,야간,경상남도 양산시,경상사고,0,0,1,0,차대차 - 기타,기타,건조,맑음,교차로 - 교차로안,승용,남,51-60세,상해없음,화물,남,21-30세,경상
2024163151,2024년 10월,야간,경상남도 양산시,경상사고,0,0,1,0,차대차 - 기타,기타,건조,맑음,교차로 - 교차로안,승용,여,31-40세,상해없음,승용,여,51-60세,경상
2024163195,2024년 10월,야간,경상남도 양산시,경상사고,0,0,1,0,차대차 - 충돌,안전거리미확보,건조,맑음,단일로 - 기타,화물,남,31-40세,상해없음,이륜,남,13-20세,상해없음
2024163336,2024년 11월,주간,경상남도 양산시,경상사고,0,0,1,0,차대차 - 충돌,안전운전불이행,젖음/습기,비,교차로 - 교차로부근,승용,남,65세 이상,상해없음,특수,남,51-60세,경상
2024163641,2024년 11월,주간,경상남도 양산시,중상사고,0,1,0,0,차대사람 - 횡단중,보행자보호의무위반,젖음/습기,비,교차로 - 교차로안,승용,남,21-30세,상해없음,보행자,여,61-64세,중상
2024163890,2024년 11월,야간,경상남도 양산시,경상사고,0,0,2,0,차대차 - 추돌,안전거리미확보,젖음/습기,비,교차로 - 교차로부근,승용,여,51-60세,상해없음,승용,여,51-60세,경상
2024163964,2024년 11월,주간,경상남도 양산시,경상사고,0,0,2,0,차대차 - 추돌,안전운전불이행,건조,맑음,교차로 - 교차로부근,승용,남,65세 이상,상해없음,승용,남,31-40세,경상
2024163998,2024년 11월,주간,경상남도 양산시,부상신고사고,0,0,0,1,차량단독 - 기타,안전운전불이행,건조,맑음,교차로 - 교차로안,승용,남,31-40세,부상신고,,,,
2024164227,2024년 11월,주간,경상남도 양산시,경상사고,0,0,1,0,차대사람 - 기타,기타,건조,맑음,단일로 - 기타,자전거,남,20세 이하,상해없음,보행자,남,61-64세,경상
2024164358,2024년 11월,야간,경상남도 양산시,경상사고,0,0,3,0,차대차 - 추돌,안전운전불이행,건조,맑음,교차로 - 교차로부근,승용,남,21-30세,상해없음,승용,여,41-50세,경상
2024164571,2024년 11월,주간,경상남도 양산시,부상신고사고,0,0,0,6,차대차 - 충돌,교차로운행방법위반,건조,맑음,교차로 - 교차로안,승용,여,51-60세,상해없음,승용,남,31-40세,부상신고
2024164988,2024년 11월,주간,경상남도 양산시,경상사고,0,0,1,0,차대차 - 충돌,중앙선침범,건조,맑음,단일로 - 기타,승합,남,61-64세,상해없음,승용,남,21-30세,경상
2024165116,2024년 11월,주간,경상남도 양산시,중상사고,0,1,0,0,차대사람 - 횡단중,보행자보호의무위반,건조,맑음,교차로 - 교차로횡단보도내,승용,남,41-50세,상해없음,보행자,남,51-60세,중상
2024165209,2024년 11월,주간,경상남도 양산시,경상사고,0,0,1,0,차대차 - 충돌,기타,건조,맑음,교차로 - 교차로안,승용,남,41-50세,기타불명,이륜,남,21-30세,경상
2024165356,2024년 11월,주간,경상남도 양산시,경상사고,0,0,1,0,차대사람 - 횡단중,안전운전불이행,건조,맑음,단일로 - 기타,기타불명,기타불명,기타불명,기타불명,보행자,남,13-20세,경상
2024165446,2024년 11월,야간,경상남도 양산시,경상사고,0,0,2,0,차대차 - 충돌,기타,건조,맑음,교차로 - 교차로안,승용,남,21-30세,경상,승용,남,65세 이상,경상
2024165628,2024년 11월,주간,경상남도 양산시,경상사고,0,0,1,0,차대차 - 충돌,신호위반,건조,흐림,교차로 - 교차로안,화물,남,51-60세,상해없음,승용,여,31-40세,경상
2024166499,2024년 11월,주간,경상남도 양산시,경상사고,0,0,1,0,차대차 - 충돌,안전운전불이행,건조,맑음,교차로 - 교차로안,승용,남,51-60세,상해없음,승용,여,65세 이상,경상
2024167038,2024년 11월,주간,경상남도 양산시,경상사고,0,0,1,0,차대차 - 추돌,안전운전불이행,건조,맑음,단일로 - 기타,승용,여,51-60세,상해없음,화물,여,31-40세,경상
2024167068,2024년 11월,주간,경상남도 양산시,경상사고,0,0,1,0,차대사람 - 차도통행중,안전운전불이행,건조,맑음,교차로 - 교차로안,승용,여,51-60세,상해없음,보행자,여,41-50세,경상
2024167205,2024년 11월,주간,경상남도 양산시,경상사고,0,0,1,0,차대사람 - 횡단중,보행자보호의무위반,건조,맑음,교차로 - 교차로안,승합,남,41-50세,상해없음,보행자,남,41-50세,경상
2024167517,2024년 11월,주간,경상남도 양산시,경상사고,0,0,2,0,차대차 - 추돌,안전거리미확보,건조,맑음,단일로 - 기타,승용,남,51-60세,기타불명,승합,남,51-60세,경상
2024167559,2024년 11월,주간,경상남도 양산시,중상사고,0,1,0,0,차대차 - 충돌,안전운전불이행,건조,맑음,교차로 - 교차로안,승용,여,65세 이상,상해없음,승용,여,41-50세,중상
2024167626,2024년 11월,주간,경상남도 양산시,중상사고,0,3,0,0,차대차 - 추돌,안전운전불이행,건조,맑음,교차로 - 교차로부근,승용,남,65세 이상,기타불명,승용,남,65세 이상,중상
2024167826,2024년 11월,주간,경상남도 양산시,중상사고,0,1,0,0,차대사람 - 차도통행중,안전운전불이행,건조,맑음,단일로 - 기타,승용,남,51-60세,상해없음,보행자,여,65세 이상,중상
2024167890,2024년 11월,야간,경상남도 양산시,중상사고,0,2,0,0,차대차 - 충돌,안전운전불이행,건조,맑음,교차로 - 교차로안,승용,여,41-50세,상해없음,승용,남,51-60세,중상
2024167946,2024년 11월,야간,경상남도 양산시,부상신고사고,0,0,0,1,차대차 - 기타,교차로운행방법위반,건조,맑음,교차로 - 교차로안,자전거,남,20세 이하,상해없음,승용,남,61-64세,상해없음
2024167947,2024년 11월,야간,경상남도 양산시,부상신고사고,0,0,0,1,차대차 - 기타,안전운전불이행,건조,맑음,단일로 - 기타,승용,여,41-50세,상해없음,승용,남,51-60세,부상신고
2024168041,2024년 11월,야간,경상남도 양산시,부상신고사고,0,0,0,1,차대사람 - 기타,안전운전불이행,건조,맑음,단일로 - 기타,승용,남,41-50세,상해없음,보행자,남,41-50세,부상신고
2024168352,2024년 11월,주간,경상남도 양산시,경상사고,0,0,1,0,차대차 - 충돌,신호위반,건조,맑음,교차로 - 교차로안,승합,여,61-64세,상해없음,승용,여,41-50세,경상
2024168416,2024년 11월,주간,경상남도 양산시,경상사고,0,0,1,1,차대차 - 충돌,안전운전불이행,건조,맑음,단일로 - 기타,승용,여,61-64세,상해없음,승용,남,31-40세,경상
2024168461,2024년 11월,주간,경상남도 양산시,경상사고,0,0,1,0,차대차 - 충돌,안전운전불이행,건조,맑음,교차로 - 교차로부근,승용,여,51-60세,상해없음,이륜,남,31-40세,경상
2024168629,2024년 11월,야간,경상남도 양산시,경상사고,0,0,1,0,차대사람 - 기타,안전운전불이행,건조,맑음,교차로 - 교차로부근,승용,남,61-64세,상해없음,보행자,남,41-50세,경상
2024168630,2024년 11월,야간,경상남도 양산시,중상사고,0,1,0,0,차대사람 - 횡단중,안전운전불이행,건조,맑음,교차로 - 교차로안,승용,남,65세 이상,상해없음,보행자,여,41-50세,중상
2024168855,2024년 11월,주간,경상남도 양산시,부상신고사고,0,0,0,1,차대사람 - 차도통행중,안전운전불이행,건조,맑음,단일로 - 기타,승용,여,31-40세,상해없음,보행자,남,12세 이하,부상신고
2024168982,2024년 11월,야간,경상남도 양산시,중상사고,0,1,0,0,차대사람 - 횡단중,안전운전불이행,건조,맑음,교차로 - 교차로안,승용,남,65세 이상,상해없음,보행자,여,13-20세,중상
2024169168,2024년 11월,주간,경상남도 양산시,경상사고,0,0,2,0,차대차 - 기타,안전운전불이행,건조,맑음,단일로 - 기타,승용,남,31-40세,기타불명,승용,남,31-40세,경상
2024169698,2024년 11월,주간,경상남도 양산시,경상사고,0,0,1,0,차대차 - 충돌,중앙선침범,건조,맑음,교차로 - 교차로안,승용,남,65세 이상,상해없음,승용,남,51-60세,상해없음
2024169729,2024년 11월,주간,경상남도 양산시,중상사고,0,1,0,0,차대사람 - 기타,안전운전불이행,건조,맑음,단일로 - 기타,승합,남,61-64세,상해없음,보행자,남,65세 이상,중상
2024169823,2024년 11월,주간,경상남도 양산시,부상신고사고,0,0,0,1,차대차 - 충돌,기타,건조,맑음,단일로 - 기타,승용,남,65세 이상,상해없음,화물,남,51-60세,부상신고
2024169896,2024년 11월,주간,경상남도 양산시,부상신고사고,0,0,0,1,차대차 - 충돌,교차로운행방법위반,건조,맑음,교차로 - 교차로안,화물,남,61-64세,상해없음,승용,여,61-64세,부상신고
2024170057,2024년 11월,주간,경상남도 양산시,경상사고,0,0,1,0,차대차 - 충돌,신호위반,건조,맑음,교차로 - 교차로안,승용,여,51-60세,상해없음,승용,여,65세 이상,경상
2024170882,2024년 11월,야간,경상남도 양산시,부상신고사고,0,0,0,1,차대차 - 기타,안전운전불이행,건조,맑음,교차로 - 교차로안,화물,남,31-40세,상해없음,원동기,남,13-20세,부상신고
2024171269,2024년 11월,주간,경상남도 양산시,경상사고,0,0,1,0,차대차 - 충돌,안전거리미확보,건조,맑음,단일로 - 기타,승용,여,41-50세,상해없음,승용,여,51-60세,경상
2024171458,2024년 11월,야간,경상남도 양산시,경상사고,0,0,1,0,차량단독 - 전도전복,안전운전불이행,건조,맑음,기타 - 기타,이륜,남,20세 이하,경상,,,,
2024171578,2024년 11월,주간,경상남도 양산시,경상사고,0,0,1,0,차대차 - 충돌,신호위반,건조,맑음,교차로 - 교차로안,화물,남,65세 이상,상해없음,승용,여,31-40세,경상
2024171601,2024년 11월,주간,경상남도 양산시,경상사고,0,0,1,0,차대차 - 충돌,중앙선침범,건조,맑음,단일로 - 기타,승용,여,21-30세,상해없음,승용,여,31-40세,경상
2024171902,2024년 11월,주간,경상남도 양산시,중상사고,0,1,0,0,차대사람 - 횡단중,안전운전불이행,건조,맑음,단일로 - 기타,승용,남,61-64세,상해없음,보행자,여,61-64세,중상
2024172756,2024년 11월,야간,경상남도 양산시,중상사고,0,2,0,0,차대차 - 충돌,안전운전불이행,건조,맑음,단일로 - 기타,승용,남,31-40세,상해없음,승용,남,31-40세,중상
2024172893,2024년 11월,주간,경상남도 양산시,중상사고,0,1,0,0,차대차 - 기타,안전운전불이행,건조,맑음,단일로 - 기타,기타불명,기타불명,기타불명,기타불명,자전거,남,61-64세,중상
2024172995,2024년 11월,주간,경상남도 양산시,경상사고,0,0,1,1,차대차 - 충돌,안전거리미확보,건조,맑음,교차로 - 교차로안,화물,남,65세 이상,상해없음,승용,여,41-50세,부상신고
2024173197,2024년 11월,주간,경상남도 양산시,경상사고,0,0,1,0,차대사람 - 차도통행중,안전운전불이행,건조,맑음,단일로 - 기타,승용,여,61-64세,상해없음,보행자,여,65세 이상,경상
2024173375,2024년 11월,주간,경상남도 양산시,경상사고,0,0,1,0,차대차 - 충돌,안전운전불이행,건조,맑음,교차로 - 교차로부근,승용,남,51-60세,상해없음,승용,여,65세 이상,경상
2024173412,2024년 11월,주간,경상남도 양산시,경상사고,0,0,2,0,차대차 - 충돌,교차로운행방법위반,건조,맑음,교차로 - 교차로안,승용,여,21-30세,상해없음,승용,남,41-50세,경상
2024173685,2024년 11월,야간,경상남도 양산시,중상사고,0,1,0,0,차대사람 - 기타,보행자보호의무위반,건조,맑음,교차로 - 교차로횡단보도내,승합,남,61-64세,상해없음,보행자,남,41-50세,중상
2024173828,2024년 11월,주간,경상남도 양산시,경상사고,0,0,1,0,차대차 - 충돌,신호위반,건조,맑음,교차로 - 교차로안,승용,남,21-30세,상해없음,승용,남,51-60세,경상
2024173892,2024년 11월,주간,경상남도 양산시,중상사고,0,1,1,0,차대차 - 추돌,안전거리미확보,건조,맑음,단일로 - 기타,화물,남,65세 이상,상해없음,승용,여,31-40세,중상
2024174228,2024년 11월,야간,경상남도 양산시,중상사고,0,1,0,0,차대차 - 기타,안전운전불이행,건조,맑음,단일로 - 기타,승용,남,51-60세,상해없음,승합,남,51-60세,상해없음
2024174395,2024년 11월,주간,경상남도 양산시,경상사고,0,0,1,0,차대차 - 충돌,안전운전불이행,건조,맑음,교차로 - 교차로안,화물,남,31-40세,상해없음,승용,남,21-30세,경상
2024174790,2024년 11월,야간,경상남도 양산시,중상사고,0,1,0,0,차대사람 - 횡단중,보행자보호의무위반,건조,맑음,교차로 - 교차로횡단보도내,승용,남,31-40세,상해없음,보행자,여,65세 이상,중상
2024174852,2024년 11월,야간,경상남도 양산시,중상사고,0,1,1,0,차대차 - 기타,기타,건조,맑음,단일로 - 기타,화물,남,61-64세,상해없음,승용,남,41-50세,경상
2024174861,2024년 11월,야간,경상남도 양산시,경상사고,0,0,1,0,차대차 - 충돌,안전운전불이행,건조,맑음,교차로 - 교차로부근,승용,여,61-64세,상해없음,승용,여,51-60세,경상
2024174943,2024년 11월,야간,경상남도 양산시,부상신고사고,0,0,0,1,차량단독 - 충돌,안전운전불이행,건조,맑음,단일로 - 기타,승용,남,51-60세,부상신고,,,,
2024175107,2024년 11월,주간,경상남도 양산시,경상사고,0,0,3,0,차대차 - 충돌,안전운전불이행,건조,맑음,단일로 - 기타,건설기계,남,65세 이상,상해없음,승용,남,41-50세,경상
2024175108,2024년 11월,주간,경상남도 양산시,중상사고,0,1,0,0,차대사람 - 차도통행중,안전운전불이행,건조,맑음,단일로 - 기타,화물,남,31-40세,상해없음,보행자,여,65세 이상,중상
2024175142,2024년 11월,주간,경상남도 양산시,경상사고,0,0,1,0,차대차 - 추돌,안전운전불이행,건조,맑음,교차로 - 교차로부근,승용,여,31-40세,상해없음,화물,남,41-50세,경상
2024175169,2024년 11월,주간,경상남도 양산시,경상사고,0,0,1,0,차대차 - 충돌,안전거리미확보,건조,맑음,단일로 - 기타,화물,남,65세 이상,상해없음,이륜,남,51-60세,경상
2024175201,2024년 11월,주간,경상남도 양산시,중상사고,0,1,0,0,차대차 - 충돌,신호위반,건조,맑음,교차로 - 교차로안,승용,여,51-60세,상해없음,승용,남,41-50세,중상
2024175385,2024년 11월,야간,경상남도 양산시,경상사고,0,0,1,0,차대사람 - 기타,안전운전불이행,건조,맑음,교차로 - 교차로부근,승합,남,51-60세,상해없음,보행자,여,65세 이상,경상
2024175628,2024년 11월,주간,경상남도 양산시,경상사고,0,0,1,0,차대차 - 충돌,교차로운행방법위반,건조,맑음,교차로 - 교차로안,승용,여,51-60세,경상,승용,여,31-40세,상해없음
2024176075,2024년 11월,야간,경상남도 양산시,경상사고,0,0,3,0,차대차 - 추돌,안전운전불이행,건조,맑음,단일로 - 기타,화물,남,41-50세,상해없음,승용,여,31-40세,경상
2024176107,2024년 11월,야간,경상남도 양산시,경상사고,0,0,1,0,차대차 - 기타,안전운전불이행,건조,맑음,교차로 - 교차로안,승용,여,61-64세,상해없음,이륜,남,31-40세,경상
2024176217,2024년 11월,주간,경상남도 양산시,경상사고,0,0,1,0,차대차 - 충돌,안전운전불이행,건조,맑음,단일로 - 기타,화물,남,65세 이상,상해없음,승용,여,31-40세,경상
2024176293,2024년 11월,주간,경상남도 양산시,중상사고,0,1,0,0,차대차 - 충돌,안전운전불이행,건조,맑음,단일로 - 기타,승용,남,65세 이상,상해없음,개인형이동수단(PM),남,65세 이상,중상
2024176363,2024년 11월,주간,경상남도 양산시,경상사고,0,0,1,1,차대차 - 충돌,중앙선침범,건조,맑음,단일로 - 기타,자전거,남,20세 이하,부상신고,자전거,남,51-60세,경상
2024176364,2024년 11월,주간,경상남도 양산시,경상사고,0,0,1,0,차대차 - 충돌,교차로운행방법위반,건조,맑음,교차로 - 교차로안,승용,여,31-40세,기타불명,승용,남,65세 이상,경상
2024176505,2024년 11월,주간,경상남도 양산시,경상사고,0,0,3,0,차대차 - 충돌,신호위반,건조,맑음,교차로 - 교차로안,승용,여,41-50세,상해없음,승용,남,41-50세,경상
2024176581,2024년 11월,야간,경상남도 양산시,경상사고,0,0,1,0,차대차 - 충돌,교차로운행방법위반,건조,맑음,교차로 - 교차로안,승용,남,51-60세,상해없음,이륜,남,31-40세,경상
2024176582,2024년 11월,야간,경상남도 양산시,경상사고,0,0,1,0,차대차 - 추돌,기타,건조,맑음,단일로 - 기타,화물,남,31-40세,상해없음,자전거,여,65세 이상,경상
2024176707,2024년 11월,야간,경상남도 양산시,경상사고,0,0,1,0,차대차 - 기타,중앙선침범,건조,맑음,단일로 - 기타,승용,남,31-40세,상해없음,승용,남,41-50세,경상
2024176721,2024년 11월,야간,경상남도 양산시,경상사고,0,0,1,0,차대차 - 충돌,신호위반,건조,맑음,교차로 - 교차로안,승용,남,61-64세,상해없음,승용,여,51-60세,경상
2024176752,2024년 11월,야간,경상남도 양산시,중상사고,0,2,0,0,차대차 - 충돌,신호위반,건조,맑음,단일로 - 기타,승용,여,51-60세,중상,화물,남,65세 이상,중상
2024177408,2024년 11월,주간,경상남도 양산시,중상사고,0,1,0,0,차대사람 - 차도통행중,안전운전불이행,건조,흐림,단일로 - 기타,승용,여,65세 이상,상해없음,보행자,여,51-60세,중상